obsolete_id,obsolete_date,successor_id,release_date
116l,31-JUL-94,216l,1993-10-31
125d,15-APR-98,1aw6,1994-01-31
14ps,20-SEP-99,1qjb,1999-01-13
151c,30-OCT-78,251c,1978-10-30
156b,15-JAN-91,256b,1979-09-11
1a0v,07-DEC-04,1y46,1998-03-18
1a0w,07-DEC-04,1y4f,1998-03-18
1a0x,07-DEC-04,1y4g,1998-03-18
1a0y,07-DEC-04,1y4p,1998-03-18
1a2k,01-MAR-23,5bxq,1998-04-29
1a6o,29-MAY-02,1lr4,1998-06-17
1a9d,11-NOV-98,1bz9,1998-06-17
1a9k,18-NOV-98,1b0g,1998-07-15
1aa8,13-APR-04,1ve9,1997-04-21
1aak,18-MAR-98,2aak,1993-10-31
1abh,21-APR-97,2abh,1993-10-31
1abk,15-OCT-95,2abk,1993-07-15
1abm,06-NOV-02,1n0j,1993-10-31
1abp,31-OCT-93,1abe,1980-10-21
1abx,07-MAY-86,2abx,1980-06-05
1ace,08-NOV-96,2ace,1992-01-15
1ack,11-FEB-98,2ack,1994-08-31
1act,07-MAR-80,2act,1980-03-07
1ada,31-MAR-95,2ada,1992-01-15
1adk,03-MAY-77,2adk,1977-05-03
1adm,27-JAN-97,2adm,1995-10-18
1adt,31-MAR-10,2wb0,1996-06-20
1afg,15-OCT-95,2afg,1994-06-22
1afn,01-AUG-96,2afn,1994-04-30
1ak3,12-MAY-95,2ak3,1991-10-15
1alo,21-DEC-01,1hlr,1997-01-11
1alp,17-JUL-85,2alp,1979-07-17
1alr,20-JUN-96,2alr,1995-09-15
1am3,14-OCT-98,1a8o,1998-01-14
1amg,01-APR-97,2amg,1995-02-27
1amv,21-OCT-98,2amv,1997-09-17
1anh,29-JAN-96,2anh,1995-01-26
1ape,03-FEB-82,2ape,1982-02-03
1apg,31-AUG-11,3rtj,1994-01-31
1app,21-APR-83,2app,1983-04-21
1apr,16-JUL-87,2apr,1979-09-07
1ar3,18-NOV-98,1b0j,1997-11-12
1ara,23-JUL-97,1am0,1997-01-27
1arn,10-JUL-00,1dyz,1995-07-31
1as9,18-NOV-98,1b0k,1997-11-12
1asi,01-AUG-96,2asi,1994-12-20
1at7,17-JUN-98,1bax,1998-01-28
1atc,07-DEC-82,3atc,1982-12-07
1atq,18-NOV-98,1b0m,1997-11-12
1aub,26-MAR-01,1e0e,1998-10-14
1axf,21-DEC-04,1y85,1998-01-28
1ayh,31-MAR-95,2ayh,1993-10-31
1ayq,27-MAY-98,2ayq,1998-01-28
1az9,16-AUG-05,1wl9,1999-04-06
1aza,15-JAN-87,2aza,1984-07-18
1b1w,21-FEB-00,1cmi,2000-01-19
1b2n,24-JAN-01,1g72,1998-12-02
1b3m,05-APR-02,1l9f,2000-02-18
1b5c,16-JAN-78,2b5c,1978-01-16
1b6n,22-MAR-05,1z1h,2000-01-07
1b6o,22-MAR-05,1z1r,2000-01-07
1b7c,22-MAR-00,1c75,2000-01-21
1b8b,28-MAR-02,1h7a,1999-03-11
1b91,11-DEC-02,1n72,2000-02-17
1baa,15-JAN-96,2baa,1993-10-31
1bcl,23-FEB-79,2bcl,1979-02-23
1bdp,13-JAN-99,1xwl,1997-11-26
1ber,01-MAR-02,1j59,1996-07-11
1bfl,28-MAY-99,1cnq,1999-05-25
1bgh,12-FEB-97,1vqb,1993-10-31
1bgl,10-DEC-14,4v40,1995-12-07
1bgm,10-DEC-14,4v40,1995-12-07
1bgr,02-DEC-98,1b1x,1998-10-28
1bj0,10-DEC-14,4v2f,1999-01-13
1bjl,07-DEC-95,3bjl,1992-01-15
1bjy,10-DEC-14,4v2g,1999-01-13
1bkq,28-FEB-01,1f3c,1999-02-16
1bl2,02-JUL-99,1qrk,1999-02-16
1blm,15-JAN-91,3blm,1987-07-16
1blw,09-AUG-99,1cn4,1999-07-23
1bme,12-APR-00,1bvt,1997-07-07
1bmi,12-APR-00,2bmi,1997-07-23
1bmy,02-MAY-01,1ig6,1999-07-27
1bn2,16-FEB-99,2bn2,1992-04-15
1bnh,12-MAR-97,2bnh,1994-04-30
1bov,13-OCT-10,2xsc,1993-10-31
1bqv,16-OCT-07,2jv3,1998-10-14
1br7,24-SEP-99,2e2c,1998-09-02
1buk,13-SEP-99,2dik,1998-09-09
1bur,13-MAR-02,1ir1,1997-01-11
1bv0,09-DEC-98,1b27,1998-09-30
1bv5,24-JAN-00,1drq,1998-12-23
1bv6,24-JAN-00,1drm,1998-12-23
1bvs,28-APR-21,7oa5,1998-09-23
1bxj,19-JUN-07,2v1v,1998-10-14
1byk,11-FEB-15,4xxh,1999-02-09
1byt,03-JUN-03,1no3,1999-02-02
1c00,29-MAR-00,1c7i,1999-07-21
1c0d,05-JUL-05,1vrx,1999-07-23
1c0h,09-AUG-99,1c40,1999-07-26
1c13,18-APR-01,1iav,1999-09-24
1c2c,02-FEB-84,2c2c,1976-12-14
1c4j,15-MAY-00,1exy,2000-01-15
1c59,02-FEB-00,1dv4,1999-12-02
1c9r,14-JUN-02,1j5o,1999-09-01
1cab,02-FEB-84,2cab,1976-06-09
1cac,15-JAN-90,1ca2,1976-06-09
1cae,08-DEC-96,2cae,1995-07-10
1caf,11-JAN-97,2cah,1995-07-10
1cat,21-OCT-82,3cat,1982-10-21
1cbp,21-APR-97,2cbp,1988-10-09
1cbz,24-MAY-00,1eyy,1999-11-03
1cco,15-JUL-98,2cco,1993-10-31
1ccy,21-JAN-86,2ccy,1982-02-03
1cd4,30-APR-94,1cdh,1991-01-15
1cdv,02-FEB-84,2cdv,1982-04-15
1cf6,23-APR-01,1huo,2000-03-06
1cfo,29-APR-98,1new,1997-06-16
1ch6,31-JAN-01,1hwx,1999-04-09
1chb,03-DEC-97,2chb,1994-01-31
1ci2,07-SEP-88,2ci2,1988-07-16
1cjn,15-MAY-97,2cjn,1997-01-11
1cjo,15-MAY-97,2cjo,1997-01-11
1ck5,25-JUL-06,1t0k,1999-12-02
1ck8,25-JUL-06,1t0k,1999-12-02
1ck9,25-JUL-06,1cn7,1999-10-14
1cln,16-JUL-88,3cln,1987-04-16
1cn8,25-JUL-06,1t0k,1999-11-19
1cn9,25-JUL-06,1t0k,1999-11-19
1cnd,20-APR-95,2cnd,1994-11-01
1co3,24-MAY-00,1ez0,1999-11-03
1cox,31-OCT-93,3cox,1992-01-15
1cpa,29-JUL-82,3cpa,1982-07-29
1cpk,15-JAN-93,2cpk,1992-01-15
1cpp,16-JUL-87,2cpp,1986-01-21
1cpv,15-OCT-90,5cpv,1976-12-20
1cqb,20-MAR-00,1ekh,1999-10-14
1cro,17-JUN-98,5cro,1988-01-16
1ct3,25-FEB-98,4caa,1997-03-12
1ct7,20-OCT-00,1e8r,2000-02-09
1cth,24-DEC-97,2cth,1993-10-31
1cum,13-JAN-99,1bkj,1997-11-12
1cx0,29-OCT-14,4pr6,1999-09-08
1cxg,14-OCT-98,2cxg,1994-12-20
1cxs,02-AUG-00,1eu1,1997-03-12
1cxt,02-AUG-00,1eu1,1997-03-12
1cy3,15-OCT-94,2cy3,1985-11-08
1cyh,11-JUL-96,2cyh,1994-04-30
1cyp,21-JAN-86,2cyp,1984-02-02
1cyt,16-SEP-80,3cyt,1980-09-16
1d4g,14-MAR-06,1k0u,2001-01-17
1d4q,21-JUN-00,1c8p,2000-05-12
1d55,15-OCT-95,2d55,1993-10-31
1d5k,13-DEC-00,1gh8,2000-08-23
1d8r,20-JAN-04,1vj3,2000-10-25
1d9b,27-DEC-00,1hn9,1999-12-23
1d9t,13-MAY-03,1ne7,2000-10-30
1db0,28-JAN-03,1h1v,2000-02-18
1db7,08-APR-03,1o3q,2001-11-16
1db8,08-APR-03,1o3r,2001-11-16
1db9,08-APR-03,1o3s,2001-11-16
1dbc,08-APR-03,1o3t,2001-11-16
1ddc,25-FEB-03,1h21,1999-02-16
1ddq,07-FEB-01,1hqm,2000-01-28
1der,25-MAR-03,1kp8,1996-11-15
1dfr,21-OCT-82,3dfr,1982-10-21
1dga,23-JAN-03,1nm1,2000-01-29
1dgt,30-MAR-04,1v9p,2000-11-27
1dgy,15-MAY-02,1lii,2000-03-20
1dh0,15-MAY-02,1lik,2000-03-20
1dh1,15-MAY-02,1lij,2000-11-29
1dh2,12-JUN-02,1lio,2000-11-29
1dhb,07-JUN-77,2dhb,1977-06-07
1dhx,11-NOV-03,1p2z,1995-09-15
1dij,09-DEC-98,2dij,1997-04-21
1dkv,07-DEC-01,1kfu,2000-01-21
1dlx,26-JUN-02,1ly7,1999-12-22
1dn1,25-MAR-08,3c98,2000-04-12
1doo,20-NOV-00,1e94,2000-02-18
1dri,26-JAN-95,2dri,1993-10-31
1drq,21-JAN-03,1lt0,2000-01-24
1dsh,30-NOV-04,1y0d,1995-03-31
1dtr,20-AUG-97,2dtr,1995-11-15
1du7,23-MAR-11,2x9d,2000-03-20
1dw7,11-DEC-00,1gh9,2000-08-23
1dx4,15-FEB-23,6xyy,2000-07-21
1dyv,26-SEP-03,1un2,2000-02-11
1dzs,27-JUL-06,2iz9,2000-03-19
1e01,05-NOV-03,1e0g,2000-06-21
1e0i,20-JUL-01,1gkb,2000-06-16
1e1b,03-OCT-00,1e5u,2000-05-21
1e2c,22-MAR-99,2e2c,1998-09-02
1e3n,20-MAY-03,1ogx,2001-06-14
1e53,08-APR-05,1z60,2000-10-24
1e6t,18-AUG-05,2bu1,2000-09-21
1e7t,27-MAR-03,1gk6,2001-09-06
1e7x,07-NOV-05,2c4q,2000-10-19
1eck,12-MAR-97,2eck,1996-11-08
1eee,30-AUG-00,1flg,2000-04-05
1eh0,17-APR-00,1eup,2000-03-06
1eim,29-JAN-03,1kw9,2001-02-26
1eip,08-NOV-96,2eip,1994-08-31
1ekc,30-OCT-00,1g1x,2000-04-17
1ekt,15-MAR-05,1z0r,2000-12-13
1en0,18-JUL-01,1i3q,2000-04-29
1end,15-OCT-94,2end,1993-10-31
1eng,08-DEC-96,2eng,1994-11-01
1enl,12-JUL-89,2enl,1988-04-16
1eor,28-JUL-09,1f9l,2000-04-04
1eqo,26-AUG-03,1q0n,2000-10-25
1eqs,13-JUN-01,1j9m,2000-05-03
1erk,13-APR-22,5umo,1997-05-15
1erl,11-JUL-96,2erl,1995-07-10
1etc,09-NOV-04,1r36,1996-01-29
1etd,09-NOV-04,1r36,1996-01-29
1eul,04-MAY-04,1su4,2000-06-09
1ewg,13-NOV-07,3b8d,2001-01-24
1f0a,10-JAN-01,1ghh,2000-06-21
1f19,15-OCT-92,2f19,1989-04-19
1f1y,29-JUL-03,1q0o,2003-06-10
1f3i,27-SEP-02,1muh,2000-07-21
1f49,10-DEC-14,4v41,2001-02-21
1f5d,19-DEC-01,1j4x,2000-12-13
1f5i,02-NOV-04,1k4z,2003-11-11
1f83,24-JUL-07,3g94,2000-08-16
1f9y,28-APR-09,3h4a,2003-04-15
1fab,10-JUL-79,2fab,1979-07-10
1fb3,16-MAR-04,1sm4,2000-08-02
1fb4,12-JUL-89,2fb4,1983-07-28
1fbj,15-JUL-90,2fbj,1986-07-14
1fd1,08-DEC-81,2fd1,1981-12-08
1fdc,16-DEC-98,6fdr,1993-10-31
1fdx,29-MAR-00,1dur,1976-08-04
1fe7,10-JUL-02,1kpm,2001-07-21
1fh6,16-DEC-03,1ohg,2000-10-04
1fhp,18-JUN-99,1qqp,1999-02-09
1fjf,12-APR-02,1j5e,2000-09-25
1fku,15-AUG-01,1jfw,2000-12-13
1fmp,31-AUG-11,3rti,1993-10-31
1fnr,15-MAY-95,1fnb,1991-07-15
1fpx,07-MAR-18,6cig,2001-03-07
1frc,29-JUL-97,2frc,1994-07-31
1fru,10-JUN-98,3fru,1995-02-14
1fum,13-MAR-02,1l0v,1999-06-28
1fvz,11-MAY-04,1t27,2001-04-04
1fxb,15-JUL-91,2fxb,1988-10-09
1fxc,03-FEB-82,3fxc,1982-02-03
1fxm,03-JUL-02,1k6a,2001-03-07
1fxn,16-MAR-78,3fxn,1978-03-16
1g34,29-APR-03,1oyq,2003-04-29
1g56,07-SEP-04,1vm1,2001-02-14
1g5o,13-JUN-01,1gjh,2001-03-21
1gap,16-JUL-87,3gap,1986-05-07
1gbp,15-JUL-91,3gbp,1983-10-27
1gch,09-JUL-80,2gch,1980-07-09
1gcr,31-OCT-93,4gcr,1986-01-21
1gcx,17-AUG-04,1wns,2001-02-28
1gdg,29-JAN-03,1kw8,2001-09-27
1gdm,15-OCT-95,2gdm,1995-02-27
1gdo,28-SEP-04,1xff,1996-10-14
1gds,26-MAR-04,1gwp,1996-12-30
1gdy,26-MAR-04,1gwp,1996-12-30
1gdz,26-MAR-04,1gwp,1996-12-30
1geo,24-DEC-97,1aop,1997-03-12
1gep,14-JAN-98,2gep,1997-03-12
1gga,22-DEC-09,2x0n,1994-01-31
1ggs,23-AUG-00,1fi5,2000-04-27
1gho,10-DEC-14,4v41,2001-02-21
1gix,10-DEC-14,4v42,2001-05-04
1giy,10-DEC-14,4v42,2001-05-04
1gkv,27-JUL-06,2iz8,2001-09-20
1gkw,27-JUL-06,2izn,2001-09-20
1glt,31-JUL-95,2glt,1994-01-31
1gly,01-NOV-94,3gly,1994-01-31
1gm3,12-SEP-02,1h3p,2002-09-05
1gma,04-MAR-98,1alz,1991-01-15
1gmf,08-NOV-96,2gmf,1993-10-31
1gms,28-SEP-04,1xfg,1996-10-14
1gn5,21-JAN-86,2gn5,1985-04-01
1gpg,15-MAY-97,1aio,1996-03-08
1gq3,06-SEP-17,5vmq,2002-11-28
1gr6,16-FEB-06,2c7e,2002-01-28
1gr8,03-MAR-03,1ock,2002-05-31
1gr9,08-FEB-03,1ocl,2002-05-31
1grk,03-MAR-03,1ocm,2002-05-31
1grs,03-FEB-82,2grs,1982-02-03
1gry,05-JUL-02,1gzu,2002-05-23
1gsr,08-NOV-96,2gsr,1994-01-31
1gst,08-NOV-96,6gst,1993-10-31
1gt2,29-DEC-09,2x0r,2003-02-06
1gtx,21-OCT-03,1ohv,2000-02-04
1gva,15-OCT-95,2gva,1994-04-30
1gvb,15-OCT-95,2gvb,1994-04-30
1gw5,25-DEC-07,2vgl,2002-05-31
1gyi,10-JUL-95,2gyi,1994-12-20
1h06,04-MAY-04,1v1k,2003-07-11
1h0e,06-FEB-04,1un4,2003-06-26
1h0f,06-FEB-04,1un3,2003-06-26
1h40,05-APR-04,1uzc,2002-10-17
1h6w,22-FEB-23,5lye,2001-12-13
1h6z,29-DEC-09,2x0s,2002-06-05
1h77,27-MAR-03,1hk8,2002-03-27
1h8j,05-JAN-06,2c51,2001-03-12
1hbl,20-JAN-83,1lh1,1983-01-20
1hc2,30-SEP-08,1hc1,1994-01-31
1hc3,30-SEP-08,1hc1,1994-01-31
1hc4,30-SEP-08,1hc1,1994-01-31
1hc5,30-SEP-08,1hc1,1994-01-31
1hc6,30-SEP-08,1hc1,1994-01-31
1hdw,05-JAN-06,2c4z,2000-12-28
1he0,05-JAN-06,2c4y,2000-12-28
1he6,05-JAN-06,2c50,2000-12-28
1hf5,01-JUL-02,1h11,2001-11-29
1hf7,09-AUG-02,1h2j,2001-11-29
1hft,29-JAN-96,2hft,1995-07-10
1hfv,21-SEP-06,2j5x,2001-02-16
1hid,08-NOV-96,2hid,1993-10-31
1hiu,01-APR-97,2hiu,1994-01-31
1hke,14-JAN-04,1uuz,2003-03-11
1hlr,27-JUL-04,1vlb,2001-12-21
1hmg,15-JAN-91,2hmg,1986-10-24
1hmi,14-OCT-98,2hmi,1994-01-31
1hmm,02-MAY-83,1hmq,1983-05-02
1hmn,16-JUL-81,1hmm,1981-07-16
1hmq,15-JAN-92,2hmq,1983-05-02
1hmx,29-JAN-96,2hmx,1995-07-10
1hmz,15-JAN-92,2hmz,1983-05-02
1hn7,27-JUN-01,1jbd,2000-12-20
1hp6,02-AUG-02,1m5k,2001-04-12
1hr5,23-MAY-01,1jm0,2001-01-24
1hrw,24-APR-02,1le0,2001-06-06
1hrx,24-APR-02,1le1,2001-06-06
1hs0,24-APR-02,1le3,2001-06-06
1hsc,31-AUG-94,2hsc,1990-10-15
1hsd,31-AUG-94,2hsd,1992-04-15
1hsp,31-AUG-94,2hsp,1993-04-15
1hu4,13-NOV-02,1n5d,2001-07-18
1hvm,11-JAN-97,2hvm,1995-12-02
1hvt,30-APR-94,2hvt,1993-10-31
1hw0,25-APR-01,1ih5,2001-01-31
1hwa,16-OCT-00,1e8l,1993-10-31
1hwx,16-JUN-10,3mw9,2001-01-31
1hwz,25-JUL-18,6dhd,2001-01-31
1hyx,20-JUN-06,2dqt,1997-12-10
1hyy,20-JUN-06,2dqu,1997-12-10
1hzq,22-MAY-02,1j5l,2002-04-17
1hzr,22-MAY-02,1j5m,2002-04-17
1i03,04-JUL-01,1jgm,2001-04-04
1i0w,10-APR-02,1j5c,2001-02-14
1i0y,10-APR-02,1j5d,2001-02-14
1i99,21-NOV-01,1k9o,2001-04-04
1ib3,04-SEP-02,1m8z,2002-09-04
1icb,21-JAN-86,2icb,1983-09-06
1ife,23-DEC-98,2ife,1995-10-15
1ig2,12-JUL-89,2ig2,1983-07-28
1iis,24-JUL-07,1t83,2001-05-09
1iix,24-JUL-07,1t89,2001-05-09
1ij7,14-AUG-02,1m9u,2002-04-25
1ikb,15-OCT-97,1ai2,1994-07-31
1ikh,09-JAN-02,1koi,2001-10-03
1ikz,03-FEB-04,1m3g,2002-05-30
1imy,20-MAY-02,1gxh,1998-09-16
1imz,14-MAY-02,1gxg,1998-09-16
1inm,22-MAY-00,1e1b,1999-08-06
1ins,15-APR-90,4ins,1980-09-19
1iq2,02-MAR-04,1l3x,2003-11-11
1isd,07-JUL-97,2isd,1996-10-14
1iw5,10-FEB-04,1v9j,2002-10-23
1iya,18-FEB-03,1j3g,2002-09-11
1j0l,07-SEP-04,1wot,2003-12-16
1j2h,20-MAY-03,1o3x,2003-05-06
1j2i,20-MAY-03,1o3y,2003-05-06
1j2s,18-FEB-03,1j3g,2003-01-28
1j3v,28-JUN-05,2cvz,2004-04-13
1j4z,10-DEC-14,4v43,2003-11-18
1j5q,20-DEC-17,5tiq,2002-11-20
1j5r,10-JUN-03,1o2d,2002-07-31
1j5v,28-FEB-06,2afb,2002-07-24
1j6n,02-SEP-03,1o58,2002-07-31
1j8w,25-DEC-02,1nf5,2001-11-23
1j8x,14-JAN-03,1nkh,2001-11-23
1j92,04-FEB-03,1nqi,2001-11-23
1j94,07-JAN-03,1nhe,2001-11-23
1jag,16-JAN-07,2ocp,2007-01-16
1jcw,14-JUN-99,2jcw,1996-03-08
1jel,27-MAY-98,2jel,1994-06-22
1jfe,26-JUN-02,1m1j,2001-12-05
1jfo,02-DEC-98,1b1u,1997-12-24
1jfy,22-AUG-01,1jr7,2001-07-04
1jgf,12-JUN-02,1ls5,2002-05-15
1jh2,15-JUL-03,1p3h,2001-09-05
1jjm,25-OCT-05,2b8r,2001-11-30
1jjn,25-OCT-05,2b8s,2001-11-30
1jjy,11-MAY-04,1su8,2001-08-22
1jmr,11-SEP-02,1mkm,2002-03-13
1jn8,21-JAN-03,1nmm,2002-01-22
1jna,18-FEB-03,1nwg,2003-02-18
1jnc,18-FEB-03,1nt7,2003-02-18
1joz,15-MAY-02,1llh,2002-05-15
1jsb,24-FEB-04,1ryj,2002-02-27
1jsk,09-APR-14,4pp8,2002-02-20
1jtr,27-NOV-02,1mwa,2002-05-15
1jvf,17-APR-07,2pd3,2003-12-23
1jw7,17-APR-07,2pd4,2003-11-11
1jxr,29-OCT-97,2jxr,1997-03-12
1jyg,24-FEB-04,1ryk,2002-02-27
1jyp,08-MAY-07,2pjf,2003-09-02
1jyy,10-DEC-14,4v44,2001-12-07
1jyz,10-DEC-14,4v44,2001-12-07
1jz0,10-DEC-14,4v45,2001-12-07
1jz1,10-DEC-14,4v45,2001-12-07
1k00,08-MAR-02,1j5a,2001-10-26
1k0q,30-JAN-02,1kti,2002-01-30
1k16,27-MAR-02,1j5b,2001-10-17
1k31,23-JAN-02,1ksm,2001-10-31
1k3p,20-NOV-13,4g6b,2002-10-09
1k71,27-OCT-10,3l1q,2003-11-11
1k87,15-JAN-14,4o8a,2003-02-04
1k8e,01-NOV-02,1o17,2002-10-23
1ka3,22-JUN-04,1tkv,2001-05-01
1kau,15-OCT-97,1fwj,1995-07-10
1kc0,01-NOV-02,1n2s,2002-06-28
1kc9,07-JAN-02,1kpj,2002-01-07
1kdv,24-OCT-18,6m8w,2001-12-12
1kdy,24-OCT-18,6m8y,2001-12-12
1kdz,24-OCT-18,6m9f,2001-12-12
1ke1,24-OCT-18,6m9c,2001-12-12
1ke2,24-OCT-18,6m9d,2001-12-12
1ked,07-JUN-05,1z7j,2002-11-15
1ki5,02-MAR-99,2ki5,1998-12-02
1kin,20-MAY-98,1kim,1997-03-12
1knn,11-SEP-02,1mc9,2002-06-19
1kom,07-DEC-04,1t23,2003-11-18
1kpj,07-JUN-02,1lnr,2002-01-07
1kpo,10-DEC-14,4v43,2003-11-18
1krk,13-NOV-02,1n2y,2002-07-24
1ksa,12-MAY-09,3eni,1998-02-25
1kst,28-JAN-03,1n4y,1994-01-31
1kuo,03-JUL-07,2izm,2002-02-08
1kus,01-MAY-02,1lkc,2002-02-06
1kwn,28-MAR-18,6coa,2002-12-11
1kyb,04-MAR-03,1o0r,2002-08-04
1kye,07-APR-10,3liw,2003-02-11
1kyg,16-AUG-05,1yep,2002-02-27
1l1a,04-OCT-02,1mur,2002-03-29
1l1b,20-JUL-04,1vl3,2003-07-08
1l2r,04-FEB-03,1nth,2002-06-05
1l6k,06-MAR-07,2ou1,2002-11-13
1l7s,23-NOV-04,1vpo,2002-10-02
1l7u,17-JUL-02,1m40,2002-05-15
1l7w,18-MAR-03,1oqm,2002-09-18
1l8u,27-SEP-05,2b0q,2002-06-19
1l9f,21-MAR-06,2gb0,2002-04-05
1lbd,20-FEB-19,6hn6,1996-11-08
1ldx,19-APR-89,2ldx,1978-12-13
1lef,21-OCT-98,2lef,1997-03-12
1lff,20-APR-04,1sz8,2003-05-20
1lfj,10-FEB-04,1s6b,2003-05-20
1lgg,27-APR-04,1t0u,2003-07-15
1lh4,27-FEB-95,1gdj,1983-01-20
1lhb,21-JAN-86,2lhb,1977-01-06
1liu,20-NOV-07,2vgb,2002-09-11
1liw,20-NOV-07,2vgf,2002-09-11
1lix,20-NOV-07,2vgi,2002-09-11
1liy,20-NOV-07,2vgg,2002-09-11
1liz,06-APR-04,1sr3,2002-12-11
1lku,18-FEB-03,1o1w,2003-02-11
1lnp,05-DEC-06,2jmn,2002-05-29
1lnr,11-FEB-03,1nkw,2002-06-07
1lpr,29-JAN-96,1gbk,1993-01-15
1lpt,22-NOV-00,1gh1,1995-01-26
1lqr,13-JUL-04,1tyk,2002-07-10
1lrd,31-OCT-93,1lmb,1990-01-15
1ls0,09-SEP-02,1o0v,2002-06-19
1lus,06-NOV-02,1n0n,2002-06-19
1lvd,21-JAN-98,1lve,1994-09-30
1lw8,10-JUN-03,1pc1,2002-06-19
1lym,15-OCT-95,5lym,1982-08-31
1lz3,09-AUG-05,135l,1993-10-31
1lzm,24-OCT-86,2lzm,1977-04-26
1m2y,23-DEC-03,1rwd,2002-07-10
1m3y,18-OCT-17,5tip,2002-12-04
1m4o,24-OCT-06,1zrr,2002-11-27
1m50,12-MAY-09,3eni,2003-02-25
1m5j,05-MAY-09,3gxy,2002-09-18
1m5m,14-APR-09,3gxz,2002-09-18
1m80,16-MAR-10,3m10,2002-12-31
1m98,25-JAN-17,5ui2,2003-01-07
1mad,31-JAN-94,2mad,1991-01-15
1mb5,15-APR-91,2mb5,1983-11-30
1mbp,31-JAN-94,2mbp,1992-07-15
1mbr,01-APR-97,2mbr,1996-10-14
1mbw,23-DEC-96,2mbw,1990-10-15
1mc6,02-OCT-02,1mr0,2002-08-28
1mcg,15-OCT-90,2mcg,1978-07-21
1mcu,31-MAY-00,1f2s,1999-05-20
1md1,20-NOV-02,1n5b,2002-08-14
1mdh,21-APR-83,2mdh,1983-04-21
1mef,14-OCT-98,3mef,1996-07-11
1mev,15-JAN-90,2mev,1987-10-16
1mfh,16-AUG-05,2akq,2002-08-28
1mfo,24-JAN-06,2cc1,1998-09-23
1mhb,18-APR-77,2mhb,1977-04-18
1mhr,16-OCT-87,2mhr,1978-09-28
1min,01-APR-97,2min,1993-10-31
1mle,11-JUL-96,1muc,1991-01-15
1mlt,15-OCT-90,2mlt,1981-09-21
1mon,31-OCT-93,3mon,1989-10-15
1ms2,26-JAN-95,2ms2,1994-01-31
1msl,09-JAN-07,2oar,1999-04-23
1mt2,14-NOV-85,2mt2,1985-07-17
1mur,22-FEB-12,4dm0,2002-10-04
1mv7,25-MAY-04,1sm5,2002-12-13
1mwf,22-JUL-03,1pvn,2003-04-15
1mwv,24-AUG-16,5l05,2003-03-18
1mwx,28-DEC-04,1vqq,2002-11-06
1mxm,09-JAN-07,2oau,2002-11-27
1mys,11-JAN-97,2mys,1994-08-30
1n16,03-MAY-05,1vrp,2002-12-18
1n1w,27-NOV-02,1o1h,2002-11-06
1n2u,26-AUG-03,1q54,2003-03-18
1n3v,04-MAR-03,1nxn,2002-11-13
1n4t,06-MAR-07,2ilx,2003-09-09
1n6s,19-APR-05,1vro,2002-12-20
1n6w,12-AUG-03,1pxh,2003-02-18
1n8l,30-OCT-07,2png,2003-06-10
1n98,13-NOV-07,2q33,2002-12-25
1nbg,13-MAY-03,1p4m,2003-03-11
1nbt,11-MAR-98,2nbt,1993-10-31
1ncm,12-MAR-97,2ncm,1996-10-14
1nef,07-JUL-97,2nef,1996-08-01
1neo,28-JAN-98,2neo,1996-12-07
1ngv,08-MAR-05,1yov,2003-03-25
1nhd,05-JUL-05,1vrw,2003-02-25
1nj7,11-MAY-04,1t50,2003-05-13
1nle,27-MAY-03,1o3z,2003-05-13
1nng,01-FEB-05,1yli,2004-03-09
1nnm,03-JUN-03,1pg4,2003-03-25
1nnn,03-JUN-03,1pg3,2003-03-25
1no0,25-MAR-03,1os0,2003-02-04
1nrc,01-JUL-03,1oia,1994-01-31
1nrd,07-DEC-95,2nrd,1992-04-15
1nrh,24-AUG-04,1u8x,2003-11-18
1nt7,25-FEB-03,1o23,2003-02-18
1num,25-FEB-98,1aud,1997-03-12
1nvh,16-SEP-03,1qxf,2003-06-03
1nwj,19-AUG-03,1q53,2003-06-03
1nyz,06-APR-04,1sy4,2003-05-13
1nzh,30-NOV-04,1y21,2004-03-23
1nzt,23-NOV-04,1xxe,2003-06-24
1o09,20-MAY-03,1p9k,2003-03-11
1o0g,16-SEP-03,1qwq,2003-07-15
1o0i,03-NOV-09,1sc0,2003-05-20
1o0u,28-MAR-06,2b8n,2002-11-06
1o0y,18-MAY-11,3r12,2002-12-25
1o0z,19-AUG-03,1o53,2003-05-06
1o14,02-MAY-06,2ajr,2002-11-27
1o2c,19-AUG-03,1o51,2003-04-01
1o5n,09-DEC-03,1vj2,2003-10-07
1o5y,16-MAR-04,1vjl,2003-11-11
1o6n,21-APR-05,2bp4,2002-11-07
1o7r,26-MAY-05,1vzt,2003-11-06
1oam,24-JUL-03,1oke,2003-05-16
1oeq,09-SEP-05,2byw,2004-05-21
1oer,01-FEB-06,2byx,2004-05-21
1of7,19-AUG-08,2vle,2004-05-21
1og8,16-JUN-05,2buh,2004-04-30
1og9,16-JUN-05,2bui,2004-04-30
1ojb,09-JUN-10,2xfu,2003-08-15
1ojs,22-DEC-09,2x0i,2004-07-15
1oju,22-DEC-09,2x0j,2004-07-15
1oku,01-MAR-06,2c5v,2003-12-11
1olb,29-JAN-96,2olb,1994-07-31
1om3,28-NOV-18,6n32,2003-07-15
1omf,07-DEC-95,2omf,1994-01-31
1op3,28-NOV-18,6n35,2003-07-15
1op5,28-NOV-18,6n2x,2003-07-15
1oqz,06-JUL-11,3s8r,2004-03-11
1ora,01-AUG-96,2ora,1995-10-15
1otz,10-DEC-14,4v46,2003-05-06
1oym,02-SEP-03,1q9m,2003-07-15
1oz4,06-MAY-08,3cf1,2003-09-09
1p07,15-JAN-93,2p07,1990-04-15
1p08,29-JAN-96,1gbm,1990-04-15
1p0t,10-DEC-14,4v46,2003-05-06
1p38,22-FEB-17,5uoj,1998-01-21
1p41,26-AUG-03,1o57,2003-08-19
1p67,25-NOV-03,1rgj,2003-11-11
1p6g,10-DEC-14,4v47,2003-06-17
1p6z,15-AUG-12,3ssw,2004-05-11
1p85,10-DEC-14,4v47,2003-06-17
1p86,10-DEC-14,4v48,2003-06-17
1p87,10-DEC-14,4v48,2003-06-17
1p9v,24-FEB-04,1sdj,2003-05-20
1pab,24-OCT-77,2pab,1977-10-24
1pap,02-DEC-76,8pap,1976-12-02
1paw,27-MAY-98,2paw,1997-05-15
1pb6,16-JUN-10,3loc,2003-05-27
1pc1,19-AUG-03,1q4v,2003-06-10
1pcd,20-DEC-94,2pcd,1992-04-15
1pcy,31-OCT-93,1plc,1980-10-21
1pds,08-JUN-04,1ti7,2003-07-15
1pec,14-FEB-95,2pec,1993-07-15
1pel,08-DEC-96,2pel,1995-02-07
1pep,15-APR-90,4pep,1978-12-13
1pf0,26-OCT-04,1vp6,2004-09-28
1pgd,27-FEB-95,2pgd,1993-10-31
1pgh,30-NOV-94,2pgh,1994-06-22
1pgk,24-SEP-82,3pgk,1982-09-24
1pgm,26-MAY-82,3pgm,1982-05-26
1phy,15-OCT-95,2phy,1990-01-15
1plz,12-OCT-04,1x82,2003-06-24
1pm0,10-FEB-04,1ryr,2003-09-16
1pm8,10-FEB-04,1rys,2003-09-16
1pmq,06-MAY-15,4z9l,2003-09-09
1pmz,06-FEB-07,2opo,2004-06-29
1pn1,27-JAN-04,1s0p,2003-09-30
1pns,10-DEC-14,4v49,2003-07-15
1pnu,10-DEC-14,4v49,2003-07-15
1pnx,10-DEC-14,4v4a,2003-07-15
1pny,10-DEC-14,4v4a,2003-07-15
1pps,27-MAY-98,2pps,1994-07-31
1pri,16-DEC-98,2pri,1995-07-10
1prj,16-DEC-98,2prj,1995-07-10
1ps4,28-JUL-09,1q2u,2003-11-11
1psg,15-JAN-93,3psg,1989-01-09
1ptb,24-FEB-77,2ptb,1977-02-24
1ptc,18-JAN-83,2ptc,1983-01-18
1pte,15-AUG-95,3pte,1986-01-21
1ptn,04-MAR-82,2ptn,1982-03-04
1ptp,20-JUN-77,2ptp,1977-06-20
1pxf,02-DEC-08,3ers,2003-07-15
1q1d,30-SEP-03,1qzr,2003-08-26
1q4f,01-NOV-05,1vrz,2004-06-29
1q4m,13-DEC-05,2f2g,2003-11-25
1q9q,03-AUG-11,3sy0,2004-01-27
1q9r,17-AUG-11,3t65,2004-01-27
1q9t,24-AUG-11,3t77,2004-01-27
1q9v,03-AUG-11,3t4y,2004-01-27
1qa8,23-JUN-00,1gfw,2000-04-17
1qdx,09-AUG-00,1es1,2000-07-12
1qe8,29-MAR-00,1c7j,1999-07-21
1qj2,19-DEC-02,1n5w,1999-08-03
1qla,25-OCT-06,2bs2,1999-11-29
1qmk,23-OCT-00,1qnv,2000-10-06
1qmm,26-OCT-00,1e8x,1999-12-09
1qo9,15-FEB-23,6xys,2000-07-20
1qoc,23-MAY-01,1j7a,1998-01-14
1qod,23-MAY-01,1j7b,1998-01-14
1qoe,23-MAY-01,1j7c,1998-01-14
1qon,15-FEB-23,6xyu,2000-07-20
1qq8,13-NOV-02,1n45,1999-09-01
1qtl,02-DEC-99,1c5f,1999-07-02
1qu8,07-FEB-01,1hyk,2000-04-12
1qvh,02-MAY-06,2a45,2004-03-02
1qy5,16-MAY-18,6d28,2003-11-11
1qyh,03-AUG-04,1u2o,2003-11-11
1qzo,01-AUG-06,2dsz,2004-05-04
1r04,15-JAN-90,2r04,1988-10-09
1r06,15-JAN-90,2r06,1988-10-09
1r07,15-JAN-90,2r07,1988-10-09
1r0t,05-APR-05,1z7k,2003-12-23
1r1e,07-FEB-95,1eri,1990-10-15
1r2v,30-MAY-06,2dpe,2004-06-08
1r3p,06-APR-04,1vjm,2004-01-27
1r5r,18-DEC-07,3bjh,2003-11-18
1r72,28-SEP-04,1xcb,2003-11-18
1r7k,19-APR-05,1z9w,2004-11-02
1r83,28-FEB-06,2cvr,2004-11-23
1r8r,10-FEB-04,1s9d,2004-01-20
1r9e,09-OCT-13,4mtj,2004-06-01
1r9r,02-MAR-04,1sfo,2004-02-17
1rb1,24-NOV-09,3k7z,2004-01-13
1rel,07-JUL-97,2rel,1997-01-11
1rfm,15-DEC-09,2x06,2004-03-16
1rfw,27-APR-04,1szx,2003-11-25
1rhe,15-SEP-83,2rhe,1983-09-15
1rhv,14-JUL-86,2rhv,1986-01-21
1rig,15-JAN-93,2rig,1992-04-15
1rko,17-MAY-05,1zkn,2003-12-23
1rll,02-MAR-04,1vjj,2004-01-06
1rm2,15-JAN-90,2rm2,1988-10-09
1rm7,29-NOV-05,2b8j,2004-12-14
1rmi,14-DEC-04,1wu3,1995-02-14
1rmw,29-NOV-05,2b82,2004-12-14
1rn3,15-OCT-91,3rn3,1982-02-03
1rn5,21-DEC-04,1y6h,2003-12-09
1rns,31-JAN-94,2rns,1977-01-06
1rox,21-APR-97,2rox,1996-08-01
1roy,21-APR-97,2roy,1996-08-01
1rr1,15-JAN-90,2rr1,1988-10-09
1rr5,19-OCT-04,1u68,2004-03-30
1rrt,22-MAR-05,1vrl,2004-02-17
1rs1,15-JAN-90,2rs1,1988-10-09
1rs3,15-JAN-90,2rs3,1988-10-09
1rs5,15-JAN-90,2rs5,1988-10-09
1rsl,30-APR-94,2rsl,1992-01-15
1ru8,01-JUN-11,3rjz,2003-12-23
1rux,11-NOV-03,1p30,2000-03-20
1rv2,03-APR-07,2p5o,2004-04-20
1rw3,16-OCT-13,4mh8,2004-05-25
1rw6,13-JUL-11,3nyl,2004-08-31
1rw7,06-AUG-14,4qyx,2004-01-20
1s0k,23-AUG-05,2ah2,2004-05-18
1s1h,10-DEC-14,4v4b,2004-05-25
1s1i,10-DEC-14,4v4b,2004-05-25
1s65,03-OCT-06,2idw,2004-06-22
1s6g,03-OCT-06,2ien,2004-06-08
1s6s,03-OCT-06,2ieo,2004-06-22
1s6t,01-JUN-04,1vkj,2004-04-27
1s71,02-MAR-04,1sgv,2004-02-10
1sag,30-SEP-08,1sae,1995-10-15
1sah,21-DEC-11,1saf,1995-10-15
1sai,30-SEP-08,1sae,1995-10-15
1saj,21-DEC-11,1saf,1995-10-15
1sba,09-DEC-98,2sba,1995-07-10
1sbv,31-AUG-82,2sbv,1982-08-31
1scp,31-OCT-93,2scp,1990-10-15
1sct,13-MAR-13,4hrr,1995-07-31
1sdh,31-OCT-93,3sdh,1991-07-15
1se1,12-JUL-05,1vrs,2004-04-27
1sec,07-SEP-88,2sec,1988-07-16
1seo,30-OCT-07,2zal,2005-06-14
1sga,21-APR-83,2sga,1983-04-21
1sgb,17-JUL-79,2sgb,1979-07-17
1she,22-MAY-07,2pk8,2004-08-10
1sia,20-FEB-02,1kyj,1999-03-18
1sic,15-APR-93,2sic,1984-05-30
1sil,31-AUG-94,2sil,1993-10-31
1sim,30-NOV-94,2sim,1993-10-31
1skc,16-DEC-98,2skc,1997-01-11
1skd,16-DEC-98,2skd,1997-01-11
1ske,16-DEC-98,2ske,1997-01-11
1sn3,31-JAN-94,2sn3,1983-01-18
1sni,07-SEP-88,2sni,1988-07-16
1sns,29-JUL-82,2sns,1982-07-29
1snw,08-APR-98,2snw,1994-01-31
1sob,07-DEC-95,2sob,1995-07-31
1sod,07-MAY-80,2sod,1980-05-07
1spz,21-APR-00,2spz,1997-01-11
1srt,10-JUL-95,2srt,1995-01-26
1ssi,09-JUL-80,2ssi,1980-07-09
1sss,16-NOV-04,1wb8,1999-04-09
1stt,12-MAR-97,2stt,1996-04-03
1stw,12-MAR-97,2stw,1996-04-03
1sv7,13-APR-04,1t0g,2004-04-06
1sv8,02-JAN-07,2o9o,2004-05-04
1t2g,12-JUL-05,2a4j,2005-06-21
1t42,10-AUG-04,1u6b,2004-06-08
1t4h,13-JAN-09,3fpq,2004-07-20
1taa,21-OCT-82,2taa,1982-10-21
1tax,26-JUN-02,1gok,1999-09-16
1tbm,27-JUN-06,2hd1,2004-07-06
1tbs,30-APR-94,2tbs,1994-01-31
1tci,29-JAN-96,2tci,1994-08-31
1tct,03-APR-96,2tct,1995-07-31
1tdm,20-AUG-97,2tdm,1993-10-31
1tdx,14-OCT-98,2tdx,1996-08-17
1te8,26-OCT-04,1xr6,2004-08-17
1te9,26-OCT-04,1xr7,2004-08-17
1tea,26-OCT-04,1vpd,2004-07-13
1teb,26-OCT-04,1xr5,2004-08-17
1teo,21-DEC-04,1vq2,2004-11-23
1tep,08-APR-99,2tep,1997-07-23
1tga,04-MAR-82,2tga,1982-03-04
1tgp,18-JAN-83,2tgp,1983-01-18
1tgq,01-NOV-05,2b95,2005-01-04
1ti0,15-AUG-06,2dv8,2004-06-08
1ti2,10-DEC-14,4v4c,2004-08-10
1ti4,10-DEC-14,4v4d,2004-08-10
1ti6,10-DEC-14,4v4e,2004-08-10
1ti9,26-OCT-04,1xs9,2004-10-19
1tix,26-JUN-02,1gom,1999-08-02
1tjq,10-MAR-09,3g8f,2004-06-22
1tl0,27-FEB-07,2nzg,2005-10-18
1tln,26-MAY-82,3tln,1982-05-26
1tm8,08-FEB-05,1ymg,2004-10-05
1tna,21-JUL-78,5tna,1978-07-21
1to7,17-AUG-04,1u8e,2004-07-20
1tpi,18-JAN-83,3tpi,1983-01-18
1tqk,18-JAN-05,1vqx,2004-09-21
1trc,02-MAY-01,1fw4,1991-10-15
1trt,20-JUN-96,2trt,1995-05-08
1trx,10-JUN-96,1xob,1991-04-15
1ts1,15-JAN-90,2ts1,1982-08-31
1tsa,08-NOV-96,2tsa,1996-03-08
1tsb,08-NOV-96,2tsb,1996-04-03
1tsg,07-NOV-03,1o7b,1997-04-01
1tss,24-DEC-97,2tss,1994-10-15
1txv,02-SEP-08,2vdl,2004-10-12
1txw,22-MAR-05,1vrn,2005-03-01
1ty3,02-SEP-08,2vdk,2004-10-12
1ty5,02-SEP-08,2vdm,2004-10-12
1ty6,02-SEP-08,2vdn,2004-10-12
1ty7,02-SEP-08,2vc2,2004-10-12
1u0y,02-MAY-18,6d1x,2005-07-05
1u4i,08-MAY-07,2pjg,2005-07-12
1u7e,14-APR-09,3fhi,2005-02-22
1u8d,27-JUN-12,4fe5,2004-11-23
1uah,24-JUN-03,1ug6,2003-03-25
1uba,11-FEB-00,1dv0,1998-08-05
1ucz,18-MAR-98,2ucz,1997-05-15
1udp,18-MAR-98,2udp,1993-10-31
1uf6,21-DEC-04,1wub,2003-11-26
1uiq,30-DEC-03,1v7c,2003-11-18
1uja,23-MAR-04,1vcj,2003-08-12
1ukd,29-APR-98,1uke,1997-02-12
1um3,20-APR-04,1vf5,2003-11-11
1umm,08-DEC-05,2c8s,2004-09-24
1un7,04-DEC-07,2vhl,2003-10-16
1uox,02-MAR-04,1r51,1998-09-16
1upo,11-MAY-04,1vyn,2003-11-20
1usj,05-MAY-05,2bi7,2004-12-15
1utf,10-DEC-14,4v4f,2004-01-15
1utv,10-DEC-14,4v4f,2004-01-15
1utw,22-MAR-04,1uyp,2004-02-26
1uul,09-OCT-13,4llr,2004-12-22
1uvd,13-DEC-05,2buf,2005-04-14
1uvv,13-DEC-05,2bty,2005-05-24
1uvw,19-DEC-12,3zdw,2004-05-12
1uw2,08-APR-08,2vrd,2004-09-24
1uzt,07-MAR-05,1wco,2004-09-09
1v52,25-APR-06,2djk,2005-06-28
1v78,07-NOV-06,2e1w,2004-12-21
1v7b,08-JUL-08,2zoy,2005-01-18
1v8a,16-JUN-09,3hpd,2004-01-13
1v99,07-AUG-13,4lu7,2005-02-01
1v9b,07-AUG-13,4lu8,2005-02-01
1vaa,20-JUN-96,2vaa,1994-01-31
1vab,20-JUN-96,2vab,1994-01-31
1vbv,11-APR-18,5ycq,2005-10-04
1vc7,29-OCT-14,4prf,2004-05-18
1vdu,15-FEB-05,1wy6,2004-04-06
1vfk,22-SEP-09,3a6o,2005-02-08
1vgs,14-JUN-05,2cv4,2004-10-30
1vil,01-APR-97,2vil,1994-01-31
1vir,29-APR-98,2vir,1996-01-29
1vjp,25-MAR-08,3cin,2004-03-23
1vks,29-MAY-02,1lnp,1997-04-01
1vkv,14-JUN-05,1zwj,2004-08-10
1vld,10-DEC-14,4v4c,2004-08-10
1vle,10-DEC-14,4v4d,2004-08-10
1vlf,10-DEC-14,4v4e,2004-08-10
1voq,10-DEC-14,4v4g,2004-11-16
1vor,10-DEC-14,4v4g,2004-11-16
1vos,10-DEC-14,4v4g,2004-11-16
1vou,10-DEC-14,4v4g,2004-11-16
1vov,10-DEC-14,4v4g,2004-11-16
1vow,10-DEC-14,4v4g,2004-11-16
1vox,10-DEC-14,4v4g,2004-11-16
1voy,10-DEC-14,4v4g,2004-11-16
1voz,10-DEC-14,4v4g,2004-11-16
1vp0,10-DEC-14,4v4g,2004-11-16
1vpg,29-MAY-07,2pwn,2004-11-16
1vpj,28-NOV-06,2isb,2004-11-16
1vs5,10-DEC-14,4v4h,2006-09-26
1vs6,10-DEC-14,4v4h,2006-09-26
1vs7,10-DEC-14,4v4h,2006-09-26
1vs8,10-DEC-14,4v4h,2006-09-26
1vs9,15-MAY-07,1vsa,2006-09-26
1vsa,10-DEC-14,4v4i,2007-05-15
1vsp,10-DEC-14,4v4j,2007-11-13
1vsw,10-DEC-14,4v7g,2010-11-10
1vsx,10-DEC-14,4v7g,2010-11-10
1vsy,10-DEC-14,4v7o,2010-06-16
1vsz,24-DEC-14,4cwu,2011-01-12
1vt0,10-DEC-14,4v4k,2011-05-04
1vt2,10-DEC-14,4v80,2010-10-06
1vt4,10-DEC-14,4v4l,2011-01-19
1vtz,10-DEC-14,4v4m,2011-08-03
1vu0,10-DEC-14,4v86,2011-10-05
1vu1,10-DEC-14,4v86,2011-10-05
1vu2,10-DEC-14,4v98,2013-02-27
1vu3,10-DEC-14,4v98,2013-02-27
1vu4,10-DEC-14,3j3q,2013-05-29
1vu5,10-DEC-14,3j3q,2013-05-29
1vu6,10-DEC-14,3j3q,2013-05-29
1vu7,10-DEC-14,3j3q,2013-05-29
1vu8,10-DEC-14,3j3q,2013-05-29
1vu9,10-DEC-14,3j3q,2013-05-29
1vua,10-DEC-14,3j3q,2013-05-29
1vuc,10-DEC-14,3j3q,2013-05-29
1vud,10-DEC-14,3j3q,2013-05-29
1vue,10-DEC-14,3j3q,2013-05-29
1vuf,10-DEC-14,3j3q,2013-05-29
1vug,10-DEC-14,3j3q,2013-05-29
1vuh,10-DEC-14,3j3q,2013-05-29
1vui,10-DEC-14,3j3q,2013-05-29
1vuj,10-DEC-14,3j3q,2013-05-29
1vuk,10-DEC-14,3j3q,2013-05-29
1vul,10-DEC-14,3j3q,2013-05-29
1vum,10-DEC-14,3j3q,2013-05-29
1vun,10-DEC-14,3j3q,2013-05-29
1vuo,10-DEC-14,3j3q,2013-05-29
1vup,10-DEC-14,3j3q,2013-05-29
1vuq,10-DEC-14,3j3q,2013-05-29
1vur,10-DEC-14,3j3q,2013-05-29
1vus,10-DEC-14,3j3q,2013-05-29
1vut,10-DEC-14,3j3q,2013-05-29
1vuu,10-DEC-14,3j3y,2013-05-29
1vuv,10-DEC-14,3j3y,2013-05-29
1vuw,10-DEC-14,3j3y,2013-05-29
1vux,10-DEC-14,3j3y,2013-05-29
1vuy,10-DEC-14,3j3y,2013-05-29
1vuz,10-DEC-14,3j3y,2013-05-29
1vv0,10-DEC-14,3j3y,2013-05-29
1vv1,10-DEC-14,3j3y,2013-05-29
1vv2,10-DEC-14,3j3y,2013-05-29
1vv3,10-DEC-14,3j3y,2013-05-29
1vv4,10-DEC-14,3j3y,2013-05-29
1vv5,10-DEC-14,3j3y,2013-05-29
1vv6,10-DEC-14,3j3y,2013-05-29
1vv7,10-DEC-14,3j3y,2013-05-29
1vv8,10-DEC-14,3j3y,2013-05-29
1vv9,10-DEC-14,3j3y,2013-05-29
1vva,10-DEC-14,3j3y,2013-05-29
1vvb,10-DEC-14,3j3y,2013-05-29
1vvf,10-DEC-14,3j3y,2013-05-29
1vvg,10-DEC-14,3j3y,2013-05-29
1vvh,10-DEC-14,3j3y,2013-05-29
1vvi,10-DEC-14,3j3y,2013-05-29
1vvk,10-DEC-14,4v4n,2013-10-23
1vvl,10-DEC-14,4l47,2014-08-06
1vvm,10-DEC-14,4l47,2014-08-06
1vvn,10-DEC-14,4l47,2014-08-06
1vvo,10-DEC-14,4l47,2014-08-06
1vvp,10-DEC-14,4l71,2014-08-06
1vvq,10-DEC-14,4l71,2014-08-06
1vvr,10-DEC-14,4l71,2014-08-06
1vvs,10-DEC-14,4l71,2014-08-06
1vvt,10-DEC-14,4lel,2014-08-06
1vvu,10-DEC-14,4lel,2014-08-06
1vvv,10-DEC-14,4lel,2014-08-06
1vvw,10-DEC-14,4lel,2014-08-06
1vvx,10-DEC-14,4lfz,2014-08-06
1vvy,10-DEC-14,4lfz,2014-08-06
1vvz,10-DEC-14,4lfz,2014-08-06
1vw0,10-DEC-14,4lfz,2014-08-06
1vw1,10-DEC-14,4o9y,2014-02-26
1vw2,10-DEC-14,4o9y,2014-02-26
1vw3,10-DEC-14,3j6b,2014-04-09
1vw4,10-DEC-14,3j6b,2014-04-09
1vw5,10-DEC-14,4nwr,2014-05-28
1vw6,10-DEC-14,4nwr,2014-05-28
1vw7,10-DEC-14,3j6x,2014-06-11
1vw8,10-DEC-14,3j6x,2014-06-11
1vw9,10-DEC-14,3j6x,2014-06-11
1vws,10-DEC-14,3j6y,2014-06-11
1vwu,10-DEC-14,3j6y,2014-06-11
1vwv,10-DEC-14,3j6y,2014-06-11
1vww,03-SEP-14,4w1z,2014-06-18
1vwx,03-SEP-14,4w20,2014-06-18
1vwy,03-SEP-14,4w24,2014-06-18
1vwz,03-SEP-14,4w25,2014-06-18
1vx0,03-SEP-14,4w26,2014-06-18
1vx1,03-SEP-14,4w27,2014-06-18
1vx2,03-SEP-14,4w28,2014-06-18
1vx3,03-SEP-14,4w21,2014-06-18
1vx4,03-SEP-14,4w22,2014-06-18
1vx5,03-SEP-14,4w23,2014-06-18
1vx6,10-DEC-14,3j79,2014-07-16
1vx7,10-DEC-14,3j79,2014-07-16
1vx8,10-DEC-14,4lnt,2014-08-06
1vx9,10-DEC-14,4lnt,2014-08-06
1vxi,10-DEC-14,4lnt,2014-08-06
1vxj,10-DEC-14,4lnt,2014-08-06
1vxk,10-DEC-14,4lsk,2014-08-06
1vxl,10-DEC-14,4lsk,2014-08-06
1vxm,10-DEC-14,4lsk,2014-08-06
1vxn,10-DEC-14,4lsk,2014-08-06
1vxp,10-DEC-14,4lt8,2014-08-06
1vxq,10-DEC-14,4lt8,2014-08-06
1vxs,10-DEC-14,4lt8,2014-08-06
1vxt,10-DEC-14,4lt8,2014-08-06
1vxu,10-DEC-14,3j77,2014-08-06
1vxv,10-DEC-14,3j77,2014-08-06
1vxw,10-DEC-14,3j77,2014-08-06
1vxx,10-DEC-14,3j78,2014-08-06
1vxy,10-DEC-14,3j78,2014-08-06
1vxz,10-DEC-14,3j78,2014-08-06
1vy0,10-DEC-14,4p70,2014-08-13
1vy1,10-DEC-14,4p70,2014-08-13
1vy2,10-DEC-14,4p70,2014-08-13
1vy3,10-DEC-14,4p70,2014-08-13
1vy8,10-DEC-14,4tvx,2014-08-20
1vy9,10-DEC-14,4tvx,2014-08-20
1vyy,16-MAR-06,2chh,2005-05-27
1vzl,06-APR-06,2ccn,2004-10-13
1w8r,27-APR-11,2yce,2005-03-23
1wb1,22-AUG-12,4ac9,2005-01-04
1wb2,07-NOV-12,4aca,2005-01-04
1wb3,07-NOV-12,4acb,2005-01-04
1wca,15-APR-05,2bov,2005-03-18
1wdb,25-MAR-03,1hko,1997-01-11
1wdh,21-JUN-05,1zs9,2005-05-17
1we3,10-DEC-14,4v4o,2004-06-29
1wea,27-MAY-98,2wea,1998-01-14
1web,27-MAY-98,2web,1998-01-14
1wec,27-MAY-98,2wec,1998-01-14
1wed,27-MAY-98,2wed,1998-01-14
1wf4,10-DEC-14,4v4o,2004-06-29
1wg9,11-OCT-05,1xkv,2004-06-29
1wga,09-JUL-80,2wga,1980-07-09
1wgz,22-FEB-17,5wvu,2005-05-28
1wj8,07-DEC-04,1wty,2004-11-29
1wjh,27-FEB-07,2ecc,2004-11-29
1wll,19-MAY-09,3a20,2005-07-19
1wlq,17-FEB-09,2zxx,2004-08-31
1wnq,20-SEP-05,2d2d,2005-08-30
1wpe,09-OCT-07,2z9r,2004-10-05
1wph,10-APR-07,2paq,2004-10-15
1wqi,14-NOV-06,2e1o,2005-03-29
1wsy,22-MAR-99,1bks,1989-01-09
1wt4,12-JUN-07,2v1t,2005-11-22
1wuc,27-MAY-08,3ctk,2005-12-13
1wus,29-AUG-06,2dwk,2005-06-08
1wx3,07-APR-09,2zmx,2006-01-31
1x3v,02-MAY-06,2dmo,2005-11-10
1x5u,12-APR-17,5gvq,2005-11-16
1x6k,20-DEC-05,2a29,2004-09-21
1x72,30-MAY-06,2cmu,2004-09-14
1x7l,12-JUN-07,2jqa,2004-08-31
1x7u,10-AUG-16,5l02,2004-12-14
1xaq,21-MAR-06,2ga5,2005-05-24
1xaz,08-MAY-07,2pji,2005-08-09
1xc2,08-FEB-05,1yqg,2004-10-19
1xg9,03-MAY-05,1zgh,2004-11-23
1xkc,11-JAN-05,1yem,2004-12-14
1xm0,11-AUG-10,2kzn,2005-09-13
1xmr,29-MAY-07,2uz3,2004-12-14
1xnp,27-MAR-07,2p4w,2005-10-11
1xo4,15-NOV-05,2evn,2004-10-12
1xo9,09-JAN-07,2kmw,2004-10-19
1xp2,19-FEB-08,2vo9,2006-01-24
1xq2,30-AUG-05,2ao6,2004-11-16
1xqu,05-APR-17,5uvm,2004-12-14
1xtx,25-APR-06,2djj,2006-01-31
1xv1,14-AUG-07,2z5f,2004-11-09
1xvh,29-MAY-13,4kjm,2004-12-07
1y0f,14-JUL-09,3hr2,2006-05-16
1y41,08-AUG-06,2hr9,2004-12-14
1yaw,11-JAN-05,1vqv,2005-01-04
1ybb,08-FEB-05,1vr4,2005-02-01
1ybp,11-JAN-05,1vqw,2005-01-04
1ygv,14-JUL-09,3hqv,2006-05-16
1yh0,31-MAR-10,3kzc,2005-03-01
1yh1,31-MAR-10,3kzk,2005-03-01
1yh6,09-OCT-07,2z5d,2005-02-15
1yhx,23-MAY-78,2yhx,1978-05-23
1yku,23-FEB-11,3pmc,2006-04-25
1yl2,15-JUL-08,2ca7,2005-04-26
1yl3,10-DEC-14,4v4p,2005-04-12
1yl4,10-DEC-14,4v4p,2005-04-12
1ymf,30-DEC-15,5ffm,2005-08-23
1ymi,22-JAN-08,3bw5,2005-03-01
1yo3,16-AUG-17,5wof,2005-03-15
1ypd,04-FEB-00,1qpb,1998-05-27
1ypw,22-APR-08,3cf2,2005-03-22
1yq0,22-APR-08,3cf1,2005-03-22
1yqi,22-APR-08,3cf3,2005-03-22
1yr4,18-APR-06,2f91,2005-06-14
1yuv,07-JUN-05,1vrr,2005-05-24
1yvv,01-DEC-09,3kkj,2005-04-05
1yw3,03-OCT-06,2ifa,2005-03-01
1ywz,19-FEB-08,2k07,2005-03-29
1yz8,02-MAY-12,2lkx,2005-05-03
1yzo,25-APR-06,2gg1,2006-03-14
1z4b,31-JAN-06,2fpk,2005-10-04
1z4c,31-JAN-06,2fpl,2005-10-04
1z4d,31-JAN-06,2fpm,2005-10-04
1z61,19-APR-05,1zae,2005-04-05
1zam,20-NOV-07,2r2x,2006-03-21
1zb0,20-NOV-07,2pjo,2006-03-21
1zb2,20-NOV-07,2r3d,2006-03-21
1zcs,16-FEB-10,3l4p,2006-07-11
1zcx,25-SEP-07,2r99,2005-05-03
1zdz,12-DEC-06,2o05,2005-04-26
1ze0,13-MAR-07,2o9x,2005-05-31
1zep,19-JUL-05,2a8b,2005-04-26
1zer,03-JUN-03,1ka5,1996-03-08
1zfr,06-MAR-07,2oue,2006-02-14
1zgm,21-MAR-06,2fno,2005-05-31
1zhd,26-JUL-05,1vry,2005-06-21
1zhe,08-NOV-05,2etg,2005-05-03
1zls,21-NOV-18,6msy,2005-08-09
1zlu,31-OCT-18,6mub,2005-08-09
1zlv,31-OCT-18,6mu3,2005-08-09
1zlw,31-OCT-18,6mnf,2005-08-09
1zpy,27-OCT-09,3k6c,2005-07-05
1zq0,14-FEB-06,2fxk,2005-06-21
1zq2,31-MAR-10,3kzm,2006-05-30
1zq4,28-FEB-06,2fnq,2005-09-20
1zq6,31-MAR-10,3kzn,2006-05-30
1zq8,31-MAR-10,3kzo,2006-05-30
1zu6,27-SEP-05,2b2z,2005-06-07
1zu7,18-OCT-05,2b41,2005-06-07
1zu9,27-SEP-05,2b31,2005-06-07
1zx0,15-SEP-10,3orh,2005-06-14
1zya,04-OCT-05,2b4r,2005-07-26
1zzo,02-AUG-17,3ios,2005-07-26
21gs,01-JUL-08,3csj,1999-03-23
228d,17-JUN-98,1a6h,1996-01-29
251c,02-OCT-81,351c,1981-10-02
273d,12-FEB-97,309d,1996-08-17
2a09,25-JUL-06,2dt0,2005-07-05
2a0o,04-OCT-05,2b40,2005-07-05
2a23,06-NOV-07,2jwo,2005-07-12
2a2h,10-APR-07,2jou,2006-06-13
2a4y,30-JAN-07,2oj2,2006-08-22
2a7v,27-OCT-10,3ou5,2005-07-26
2a9q,14-AUG-19,6ebb,2006-09-26
2adk,16-JAN-88,3adk,1977-05-03
2aea,30-AUG-05,2apj,2005-08-02
2aed,29-FEB-12,4drz,2005-08-02
2afk,25-FEB-15,4wzb,2005-09-06
2ai4,02-JUN-10,3n55,2005-09-13
2aic,27-MAR-07,2jol,2006-11-21
2ali,16-MAR-11,3qy3,2005-09-20
2alt,11-AUG-09,3ib1,2005-09-20
2amw,16-NOV-11,2lki,2006-07-25
2amz,26-JUN-07,2q3n,2006-08-01
2anf,04-OCT-05,2b2l,2005-08-23
2ao0,05-MAY-09,3h4g,2005-10-04
2ao3,02-SEP-08,2zqo,2006-10-10
2ao4,14-NOV-06,2gzl,2006-02-28
2ao8,25-JUL-06,2dsu,2005-09-13
2aok,27-SEP-05,2b2p,2005-09-13
2ape,14-JUL-86,4ape,1982-02-03
2app,15-JAN-91,3app,1983-04-21
2aqm,23-OCT-13,4l05,2006-10-31
2asw,19-JAN-11,2l7h,2006-08-29
2asx,19-JAN-11,2l7h,2006-08-29
2asz,04-MAR-08,3c76,2006-08-22
2at4,04-MAR-08,3c77,2006-08-22
2at7,04-MAR-08,3c78,2006-08-22
2avr,02-DEC-08,3etw,2006-10-03
2avy,10-DEC-14,4v4q,2005-11-08
2aw4,10-DEC-14,4v4q,2005-11-08
2aw7,10-DEC-14,4v4q,2005-11-08
2awb,10-DEC-14,4v4q,2005-11-08
2b0w,20-FEB-07,2iu0,2006-11-21
2b2l,01-AUG-06,2dsv,2005-10-04
2b2m,15-NOV-05,2exn,2005-11-01
2b2o,24-AUG-16,5sw4,2006-03-21
2b2p,01-AUG-06,2dsw,2005-09-27
2b2q,24-AUG-16,5sw5,2006-03-21
2b2r,24-AUG-16,5sw6,2006-03-21
2b2s,24-AUG-16,5sx0,2006-03-21
2b2z,01-AUG-06,2dt3,2005-09-27
2b32,12-JUN-07,2pzv,2006-05-02
2b39,05-APR-23,8cem,2006-06-13
2b3n,20-OCT-09,3k67,2005-11-01
2b40,25-JUL-06,2dt2,2005-10-04
2b41,01-AUG-06,2dt1,2005-10-18
2b5c,15-JAN-91,3b5c,1978-01-16
2b64,10-DEC-14,4v4r,2006-01-10
2b66,10-DEC-14,4v4r,2006-01-10
2b6d,11-AUG-09,3ib0,2005-11-08
2b79,25-AUG-09,3ijt,2006-10-31
2b7w,20-OCT-09,3jr6,2006-05-23
2b9m,10-DEC-14,4v4s,2006-01-10
2b9n,10-DEC-14,4v4s,2006-01-10
2b9o,10-DEC-14,4v4t,2006-01-10
2b9p,10-DEC-14,4v4t,2006-01-10
2ba4,24-JAN-06,2fku,2005-11-01
2ba5,24-JAN-06,2fkv,2005-11-01
2ba6,24-JAN-06,2fkq,2005-11-01
2ba7,24-JAN-06,2fks,2005-11-01
2ba8,24-JAN-06,2fkr,2005-11-01
2bae,24-JAN-06,2fkt,2005-11-01
2bah,24-JAN-06,2fkp,2005-11-01
2bc6,02-DEC-08,3etx,2006-12-26
2bcf,12-MAR-14,4p0m,2005-10-25
2bcl,16-JAN-88,3bcl,1979-02-23
2bg3,03-APR-07,2uwx,2005-10-26
2bg4,24-APR-07,2uwy,2005-10-26
2bgx,12-JAN-10,2wkx,2006-06-26
2bjl,07-DEC-95,4bjl,1992-01-15
2bk7,15-APR-05,2bo9,2005-03-10
2bld,10-DEC-14,4v4u,2006-05-10
2blk,02-NOV-06,2j85,2005-03-17
2blt,23-NOV-04,1xx2,1995-01-26
2bmp,12-MAR-00,3bmp,1999-09-18
2bpj,02-OCT-06,2j6h,2005-12-05
2bpl,24-APR-13,4amv,2005-12-05
2bpt,25-OCT-17,5owu,2005-05-19
2bq9,19-AUG-05,2bzd,2005-04-29
2bsn,30-DEC-08,2w6k,2006-08-29
2bsu,06-NOV-07,2v2w,2005-05-25
2bsv,06-NOV-07,2v2x,2005-05-25
2bvi,10-DEC-14,4v4u,2006-05-10
2bw6,18-OCT-05,2c3s,2005-07-14
2bzo,26-APR-06,2ckh,2005-09-08
2bzp,26-APR-06,2ckg,2005-09-08
2c4o,13-AUG-14,2clw,2006-11-22
2c5m,11-MAR-08,2vo1,2005-11-18
2c5p,09-JUN-09,2wev,2006-03-01
2c5t,27-MAR-07,2uue,2006-03-01
2c6j,08-MAR-17,5x6n,2006-01-04
2caa,25-FEB-98,3caa,1997-03-12
2cae,12-AUG-02,1m85,1996-12-07
2caf,09-OCT-02,1mqf,1996-12-07
2cap,22-JUL-08,2v3q,2007-01-03
2cd4,31-OCT-93,3cd4,1991-01-15
2cgg,01-JUL-08,2vj1,2007-07-03
2cjv,03-APR-07,2uud,2006-06-20
2cl1,04-DEC-06,2jav,2006-06-26
2cmj,27-JUN-18,5yzh,2007-05-29
2cmq,23-NOV-06,2j9t,2006-11-02
2cmv,27-JUN-18,5yzi,2007-05-29
2cmx,06-MAY-08,2vqc,2006-06-01
2cmz,24-FEB-16,5i2m,2006-07-17
2coh,04-DEC-07,2zcw,2005-11-17
2cpv,15-OCT-90,5cpv,1976-12-20
2cuv,12-JUN-07,2v1s,2006-05-23
2cyr,28-JAN-98,3cyr,1994-11-30
2cys,31-AUG-94,3cys,1994-01-31
2cyt,16-SEP-80,4cyt,1980-09-16
2czz,23-JAN-07,2e6u,2006-07-20
2d12,02-SEP-08,2zqn,2006-10-10
2d2y,30-JAN-07,2jek,2005-10-11
2d83,04-JUL-06,2drw,2005-12-20
2dbp,14-JUL-09,3a3u,2006-06-16
2dd0,09-MAY-06,2dns,2006-02-07
2df1,27-FEB-07,2ef1,2007-01-30
2dfo,09-MAY-06,2dn1,2006-03-21
2dfq,09-MAY-06,2dn2,2006-03-21
2dfr,21-OCT-82,4dfr,1982-10-21
2dfw,04-AUG-09,3if5,2006-07-18
2dfz,10-FEB-09,2zyk,2007-03-06
2dh0,08-JUL-08,2zoz,2007-03-20
2djo,27-FEB-07,2ecb,2006-10-05
2dpo,26-MAY-10,3ado,2006-11-12
2dpv,14-FEB-95,3dpv,1992-07-15
2dq1,09-SEP-08,2zr2,2007-06-05
2dq2,09-SEP-08,2zr3,2007-06-05
2ds3,03-JUN-08,3d3i,2007-10-02
2dtg,24-FEB-16,4zxb,2006-09-19
2dtq,06-APR-11,3ave,2007-03-13
2dtv,26-FEB-08,2zg5,2007-07-17
2dv1,07-SEP-16,5sx1,2006-11-07
2dv2,07-SEP-16,5sx2,2006-11-07
2dv8,20-JAN-09,3fo7,2006-08-15
2e14,06-FEB-13,3w55,2007-09-04
2e3y,05-FEB-08,2zgw,2007-06-05
2e4s,29-APR-08,2zmf,2008-01-01
2e58,17-OCT-12,3vyw,2008-01-01
2e79,02-JUN-09,3a2e,2008-01-15
2eas,01-APR-15,4ycl,2007-03-27
2ebc,24-OCT-12,3umr,2008-02-19
2ebx,16-APR-88,3ebx,1985-11-08
2efm,20-OCT-10,3lxs,2008-02-26
2eg0,07-MAR-12,3vnp,2007-08-28
2egx,16-NOV-11,3u6u,2007-09-04
2ehi,28-APR-10,3ah1,2008-02-19
2ehk,21-OCT-08,2zti,2008-03-11
2ehm,28-APR-10,3ah2,2008-02-19
2ehn,28-APR-10,3ah4,2008-02-19
2ejh,15-APR-08,2zo6,2008-03-18
2eji,15-APR-08,2zo7,2008-03-18
2ejo,15-APR-08,2zmu,2008-03-25
2ejp,15-APR-08,2zmw,2008-03-25
2ekv,09-FEB-10,3i5h,2008-02-05
2ekw,09-FEB-10,3i5i,2008-02-05
2elf,10-DEC-14,3wnb,2008-04-01
2enl,15-APR-92,3enl,1989-07-12
2ep9,03-NOV-09,3a97,2007-10-02
2eqc,25-MAY-11,2rrt,2008-04-08
2erd,08-APR-99,3erd,1999-04-12
2ert,08-APR-99,3ert,1999-04-12
2es8,29-NOV-05,2f2s,2005-11-08
2etg,04-DEC-07,3bfx,2005-11-08
2eto,10-JUN-08,3d9v,2005-11-08
2eu6,22-MAY-07,2pkx,2006-10-31
2eub,22-MAY-07,2pl1,2006-10-31
2eue,30-DEC-08,3fam,2005-11-15
2ev7,22-AUG-06,2i18,2006-06-27
2ewd,17-DEC-14,4nd2,2006-12-12
2ez3,14-NOV-06,2nlo,2006-05-16
2f3h,24-JUL-13,4kxp,2006-04-25
2f83,08-MAR-23,6i58,2006-05-16
2fab,08-DEC-81,3fab,1981-12-08
2fag,04-SEP-07,2qzy,2006-06-27
2fb1,17-JUN-15,5bs6,2006-01-24
2fd1,16-APR-88,3fd1,1981-12-08
2fdz,24-APR-07,1vsn,2006-11-28
2feg,30-MAY-06,2h01,2005-12-27
2ffe,18-MAR-08,3cgw,2005-12-27
2fga,08-MAY-07,2ywp,2006-12-26
2fgd,10-APR-07,2pc6,2006-02-07
2fjj,03-JUN-08,2k3k,2007-02-13
2fkq,11-APR-06,2ggg,2006-01-24
2fkr,11-APR-06,2ggh,2006-01-24
2fks,11-APR-06,2ggi,2006-01-24
2fkt,11-APR-06,2ggj,2006-01-24
2fku,11-APR-06,2ggl,2006-01-24
2fkv,11-APR-06,2ggk,2006-01-24
2fm3,17-DEC-14,4nd4,2006-11-21
2fnr,15-MAY-95,1fnd,1991-07-15
2fny,02-SEP-08,3e47,2006-03-21
2fnz,17-DEC-14,4nd1,2007-01-23
2fqr,27-JUN-06,2hbq,2006-05-16
2fqs,27-JUN-06,2hbr,2006-05-16
2fqu,27-JUN-06,2hby,2006-05-16
2fqv,27-JUN-06,2hbz,2006-05-16
2frl,01-MAY-13,2m22,2006-02-14
2frm,17-DEC-14,4nd5,2007-01-09
2frn,20-OCT-09,3k6r,2006-03-07
2fuw,20-OCT-09,3k6a,2006-03-07
2fv6,25-DEC-07,2jw6,2006-03-28
2fvi,19-JUN-07,2q80,2006-03-28
2fwk,02-FEB-11,3pgg,2006-02-21
2fxb,13-FEB-02,1iqz,1991-07-15
2fxg,31-AUG-16,5sx3,2007-03-06
2fxh,31-AUG-16,5sx6,2007-03-06
2fxj,31-AUG-16,5sx7,2007-03-06
2fzq,19-DEC-06,2nyr,2006-02-28
2fzr,29-AUG-06,2hzc,2006-07-25
2g1i,27-JAN-09,2vk4,2006-09-12
2g23,28-APR-09,3gyr,2006-04-18
2g2j,02-OCT-07,2rb4,2006-02-28
2g5j,11-AUG-09,3iaz,2006-03-14
2g5q,07-MAY-14,4p20,2006-10-03
2g65,31-MAR-10,3l02,2007-03-06
2g68,31-MAR-10,3l04,2007-03-06
2g6a,31-MAR-10,3l05,2007-03-06
2g6c,31-MAR-10,3l06,2007-03-06
2g8m,29-AUG-12,4gev,2006-03-14
2g8o,20-FEB-13,4iw5,2006-03-14
2g9m,30-JUN-10,3mwn,2006-07-04
2gbd,21-AUG-07,2qw4,2006-03-28
2gcr,17-JUN-98,1a45,1990-07-15
2gdb,17-OCT-06,2il4,2006-03-28
2gdk,13-JUN-06,2h39,2006-04-04
2gj1,21-MAR-18,5gh0,2006-04-18
2gjc,19-JAN-10,3fpz,2006-09-12
2gkc,02-MAR-11,2l65,2006-08-22
2gkq,02-DEC-08,3ety,2007-04-10
2gl6,22-APR-15,4z9m,2006-04-11
2gla,25-AUG-09,3it1,2007-04-10
2glb,25-AUG-09,3it2,2007-04-10
2gld,02-DEC-08,3etz,2007-04-10
2gm6,26-NOV-14,4qma,2006-06-13
2gnr,01-SEP-09,3irb,2006-06-13
2goi,11-MAR-15,4yf2,2007-03-27
2goz,12-DEC-12,3zd5,2006-07-18
2gpd,12-JUL-89,4gpd,1980-03-07
2grs,16-APR-88,3grs,1982-02-03
2gur,27-AUG-99,1c4e,1998-08-19
2gy9,10-DEC-14,4v4v,2006-09-26
2gya,10-DEC-14,4v4v,2006-09-26
2gyb,10-DEC-14,4v4w,2006-09-26
2gyc,10-DEC-14,4v4w,2006-09-26
2gzt,15-JAN-08,3boy,2007-05-15
2h1q,02-FEB-10,3l5o,2006-07-11
2h2x,01-MAY-13,2m21,2006-10-03
2h4a,13-MAY-08,3ckm,2007-06-05
2h4s,08-AUG-06,2dut,2006-07-18
2h58,09-AUG-17,5wde,2006-06-27
2h6w,28-APR-09,3gws,2006-07-25
2h78,29-APR-08,3cum,2006-07-04
2h7i,30-JUL-14,4u0j,2006-10-31
2h7k,30-JAN-07,2ocd,2006-07-18
2h7l,13-AUG-14,4trj,2006-10-31
2h7m,20-AUG-14,4tzk,2006-10-31
2h7n,30-JUL-14,4u0k,2006-10-31
2h7p,20-AUG-14,4tzt,2006-10-31
2h9o,19-DEC-06,2o9k,2006-08-01
2h9q,19-MAY-09,3glb,2007-06-26
2hat,27-FEB-95,3hat,1994-01-31
2hbi,28-MAR-06,2av3,1997-06-16
2hc6,08-AUG-06,2hva,2006-06-27
2hcy,03-SEP-14,4w6z,2006-07-18
2hdy,28-APR-09,3gzc,2006-07-18
2her,10-FEB-09,2q58,2006-07-04
2hfl,31-JUL-95,3hfl,1987-10-16
2hfx,21-DEC-11,3uyq,2007-05-08
2hfy,01-FEB-12,3uyn,2007-05-08
2hgi,10-DEC-14,4v4x,2006-11-07
2hgj,10-DEC-14,4v4x,2006-11-07
2hgp,10-DEC-14,4v4y,2006-11-07
2hgq,10-DEC-14,4v4y,2006-11-07
2hgr,10-DEC-14,4v4z,2006-11-07
2hgu,10-DEC-14,4v4z,2006-11-07
2hhr,30-APR-94,3hhr,1993-10-31
2hj2,13-MAR-07,2p02,2006-07-18
2hkt,19-FEB-08,3c8g,2006-09-05
2hlk,14-OCT-08,3et4,2007-07-17
2hll,14-OCT-08,3et5,2007-07-17
2ho3,23-JAN-13,4iq0,2006-09-12
2hon,19-DEC-06,2o6i,2006-08-01
2hpk,16-OCT-13,4mn0,2007-07-03
2hq2,13-NOV-13,4cdp,2006-10-10
2hsc,10-JUL-95,3hsc,1994-08-31
2hsf,14-NOV-95,3hsf,1994-10-15
2huy,12-AUG-08,3c7i,2006-08-15
2hv0,12-DEC-06,2o28,2006-08-08
2hvt,15-OCT-94,3hvt,1994-04-30
2hvu,09-DEC-08,2jxn,2007-08-07
2hxe,10-MAR-09,3gf0,2007-08-14
2hxj,14-JUL-10,3mw6,2006-10-03
2hy4,26-AUG-08,3e5h,2007-08-07
2i09,16-JUN-10,3m7v,2006-08-22
2i1c,15-MAY-07,2ow8,2006-09-26
2i2e,07-MAR-12,4dy6,2007-08-07
2i2p,10-DEC-14,4v50,2006-10-24
2i2t,10-DEC-14,4v50,2006-10-24
2i2u,10-DEC-14,4v50,2006-10-24
2i2v,10-DEC-14,4v50,2006-10-24
2i4f,31-OCT-06,2nml,2006-08-29
2i4y,12-DEC-06,2nvr,2006-09-12
2i6c,21-AUG-13,4m3s,2006-09-26
2i6l,11-NOV-20,7aqb,2006-09-12
2i7m,25-SEP-07,2jv2,2007-09-11
2i8g,25-JAN-12,3v7b,2006-10-03
2iac,27-NOV-07,3bed,2006-10-10
2icb,24-OCT-86,3icb,1986-01-21
2icn,28-OCT-08,3es6,2007-04-03
2ihi,14-APR-10,3mav,2006-10-17
2ijp,23-SEP-08,3efz,2006-11-21
2ilb,05-MAY-09,3h50,2006-10-24
2in1,21-OCT-08,3evx,2006-10-24
2ipy,03-AUG-11,3snp,2007-01-09
2iq8,07-AUG-07,2qmw,2006-12-26
2iti,26-JUN-07,2q5a,2007-05-22
2ixw,19-MAY-10,2xe2,2007-08-21
2ixx,19-MAY-10,2xe1,2007-08-21
2iyh,03-APR-07,2uw2,2006-07-20
2iz2,20-JUL-11,2xhs,2007-10-23
2j00,10-DEC-14,4v51,2006-09-28
2j01,10-DEC-14,4v51,2006-09-28
2j02,10-DEC-14,4v51,2006-09-28
2j03,10-DEC-14,4v51,2006-09-28
2j0c,26-JUN-07,2v0m,2006-09-04
2j1f,16-OCT-06,2j7m,2006-09-20
2j2t,30-JAN-07,2jer,2006-10-11
2j6j,02-MAR-16,5i2s,2007-02-06
2j84,07-NOV-06,2j91,2006-10-23
2j8e,29-SEP-09,3fgz,2007-11-06
2ja0,20-MAR-07,2uv2,2007-01-16
2jcf,13-NOV-07,2vfz,2007-05-22
2jci,26-MAY-10,2xd5,2008-01-08
2jcz,22-FEB-12,4aic,2007-05-08
2jde,19-FEB-08,2vnt,2008-02-05
2jgg,30-NOV-11,2y2v,2007-04-17
2jgh,30-NOV-11,2y2u,2007-04-17
2jl0,18-MAY-11,2xxg,2008-12-16
2jl3,18-MAY-11,2xxf,2008-12-16
2jl5,19-MAY-09,2wh1,2008-11-04
2jl6,19-MAY-09,2wh2,2008-11-04
2jl7,19-MAY-09,2wh3,2008-11-04
2jl8,19-MAY-09,2wh4,2008-11-04
2jlk,23-FEB-11,2xyc,2009-11-17
2jlo,02-JUL-14,4d1b,2008-10-28
2jm7,23-OCT-07,2jv4,2007-10-16
2jmq,15-APR-08,2k1j,2006-12-12
2jrn,13-MAY-08,2k3a,2007-08-21
2jvp,09-DEC-08,2k5s,2007-11-27
2jwi,05-FEB-08,2rnk,2007-11-13
2jwj,05-FEB-08,2jzf,2007-11-13
2jwx,06-NOV-13,2mf9,2008-11-04
2jyc,17-AUG-11,2lgr,2008-01-08
2jyx,25-MAR-08,2k1g,2008-01-15
2k1c,29-DEC-10,2l6e,2008-04-15
2k63,16-APR-14,2m24,2009-07-14
2k64,16-APR-14,2m23,2009-07-14
2kao,16-MAR-10,2kv1,2008-12-02
2kci,23-JUN-09,2kjs,2009-02-10
2kd5,28-JUL-10,2kvk,2010-01-12
2kea,27-NOV-19,6uzj,2010-02-02
2kfc,19-JAN-11,2l1v,2009-03-17
2kgm,27-OCT-10,2l4u,2010-03-16
2kj0,24-NOV-09,2kqg,2009-10-13
2kj2,24-NOV-09,2kqh,2009-10-13
2kjs,06-APR-11,2kwm,2009-06-23
2kl0,24-AUG-11,2lek,2009-09-22
2ko4,22-FEB-12,2lpb,2010-09-29
2ko5,30-JAN-13,2m1s,2010-04-21
2kps,06-OCT-10,2l3u,2009-11-17
2kr8,09-JUN-10,2xeb,2010-05-05
2ks3,22-SEP-10,2l38,2010-09-01
2ksx,23-JUN-10,2kz1,2010-06-02
2ktg,08-JUN-11,2lc5,2011-01-05
2ktn,22-MAR-23,8c5j,2010-07-21
2ku8,02-MAY-12,2lrd,2011-02-23
2kuj,02-MAY-12,2lre,2011-02-23
2kwm,25-JAN-12,2lml,2010-08-11
2kwr,02-JUN-10,2kxi,2010-05-05
2l0u,03-NOV-10,2l50,2010-10-20
2l0v,03-NOV-10,2l51,2010-10-20
2l1i,08-JUN-16,5k5f,2010-10-20
2l3k,12-SEP-12,2lxd,2010-11-10
2l3v,22-JUL-15,2n57,2010-10-06
2lcd,15-JAN-14,2mam,2012-05-16
2ldh,03-MAY-77,4ldh,1977-05-03
2lh4,27-FEB-95,1gdj,1983-01-20
2ljo,02-OCT-13,2mal,2012-09-26
2lka,14-MAR-12,2lo7,2012-01-11
2lpy,01-MAR-23,5lmy,2012-08-22
2lrb,11-JUN-14,2mp4,2013-05-22
2lrf,17-SEP-14,2mdl,2013-04-03
2m25,06-MAY-15,2n17,2013-11-27
2ma0,03-OCT-18,5zb6,2014-06-25
2mba,15-JUL-92,5mba,1990-01-15
2mbn,12-JUL-89,4mbn,1976-11-02
2mbp,24-DEC-97,1anf,1994-01-31
2mbu,12-APR-17,5tlq,2014-11-12
2mcs,20-SEP-17,6amr,2013-09-11
2mdh,19-APR-89,4mdh,1983-04-21
2mdn,17-APR-19,2mzf,2014-12-31
2mik,04-FEB-15,2my7,2014-12-17
2mil,04-FEB-15,2my8,2014-12-17
2mm1,27-APR-11,3rgk,1993-01-15
2mnt,02-DEC-20,2n87,2015-04-15
2mod,06-SEP-17,6ali,2014-05-14
2mp6,29-JUL-15,2n34,2015-05-20
2mp7,16-JUL-14,2mqg,2014-05-28
2mt2,15-JAN-90,4mt2,1985-11-08
2mth,29-JAN-96,3mth,1994-11-30
2muo,13-JAN-21,6zze,2015-12-09
2mup,13-JAN-21,6zzf,2015-12-09
2mx3,07-OCT-15,2n7h,2015-08-26
2mxi,27-JUL-16,5ldl,2016-01-06
2mxr,10-AUG-16,5huz,2015-02-18
2myr,05-JAN-01,1e70,1997-06-16
2mzo,29-NOV-17,5odd,2016-09-07
2n0l,27-JUL-16,5iv1,2016-03-09
2n0p,28-SEP-16,5syq,2015-04-22
2n22,08-MAR-17,5urn,2016-04-27
2n2i,21-OCT-15,2n7s,2015-06-17
2n6q,12-OCT-16,5kmz,2015-10-28
2nbk,04-APR-18,6co4,2017-06-21
2new,26-JAN-10,1new,1998-04-29
2nmw,17-NOV-10,3oxc,2007-03-13
2nn9,03-APR-96,7nn9,1992-07-15
2nr3,05-FEB-08,3bz6,2006-12-05
2nr8,21-JUL-10,3nwn,2006-11-21
2nvr,19-FEB-08,3c0y,2006-12-12
2nvs,24-APR-07,2yu9,2006-12-12
2nw5,13-JAN-09,3fm3,2006-12-12
2nyo,03-JUL-07,2jq7,2007-02-06
2nzb,19-FEB-08,3c8q,2007-12-04
2nzg,23-SEP-08,3efx,2007-02-27
2nzk,19-FEB-08,3c8r,2007-12-04
2nzn,19-FEB-08,3c8s,2007-12-04
2o1r,19-JAN-10,3lae,2006-12-26
2o37,17-DEC-14,4rwu,2007-01-02
2o7j,21-JUL-09,3i5o,2007-03-20
2obw,09-OCT-07,2qed,2007-01-02
2ods,16-SEP-08,3dw0,2008-01-01
2ofl,05-FEB-08,3c07,2007-02-06
2ojd,19-FEB-08,3c6g,2007-01-30
2ojs,05-FEB-08,3bzi,2007-02-13
2oq8,23-MAR-10,3ii2,2008-04-01
2osp,11-OCT-00,1fj1,2000-05-31
2ot6,27-NOV-07,2r33,2007-03-13
2ouf,23-JUL-14,4u12,2007-02-27
2ovk,09-FEB-10,3i5g,2007-06-05
2ow8,10-DEC-14,4v4i,2007-05-15
2owr,29-JUN-16,5jx3,2007-07-24
2oxa,02-JUN-09,3hjr,2008-03-04
2oy6,09-FEB-10,3i5f,2007-05-29
2ozi,02-FEB-10,3lag,2007-03-27
2p07,29-JAN-96,1gbj,1993-01-15
2p1k,12-AUG-08,3e2b,2008-01-15
2p21,15-JUL-92,1q21,1989-07-12
2p3r,04-NOV-08,3ezw,2007-05-15
2p5a,30-JUN-09,3hvc,2008-03-25
2p8k,05-MAY-09,3h4v,2007-12-25
2p92,13-MAY-15,4peo,2007-05-22
2p9o,02-SEP-15,4ooq,2008-02-05
2pa9,06-JAN-09,3fhb,2007-04-10
2pap,12-APR-77,1pad,1977-04-12
2paz,20-AUG-97,8paz,1989-01-09
2pbt,21-JUL-09,3i7u,2007-10-02
2pdt,21-MAR-18,6cny,2007-06-05
2pep,15-JUL-90,5pep,1990-04-15
2pg9,08-APR-08,3gon,2008-03-18
2phj,29-SEP-09,2wqk,2007-10-16
2pi1,10-NOV-09,3kb6,2007-10-16
2pib,17-NOV-09,3kbb,2007-10-16
2pjk,29-SEP-09,3iwt,2007-10-16
2pjm,06-OCT-09,3ixq,2007-10-16
2pjn,21-JUL-09,2r2x,2007-12-11
2pjx,12-FEB-14,3puk,2007-05-01
2pk1,29-SEP-09,3eka,2007-05-29
2pkj,21-APR-10,3mh0,2007-06-12
2pmg,07-DEC-95,3pmg,1994-01-31
2pmm,22-MAY-07,2puq,2007-05-08
2pmx,10-MAR-09,3gft,2007-05-22
2pnp,15-JAN-93,1ula,1992-01-15
2pq1,21-JUL-09,3i7v,2008-05-06
2pqh,23-NOV-11,3thk,2008-10-14
2pqo,19-FEB-08,3c0z,2007-05-15
2pqp,19-FEB-08,3c10,2007-05-15
2prp,02-DEC-98,1b10,1998-02-04
2psc,27-NOV-07,3bcn,2007-07-03
2psi,27-SEP-99,1qlp,1998-01-28
2psl,23-OCT-07,2rh7,2007-06-05
2ptb,18-JAN-83,3ptb,1983-01-18
2pti,14-DEC-76,3pti,1973-05-03
2ptj,21-APR-10,3mh3,2007-06-12
2pto,21-APR-10,3mh2,2007-07-03
2ptp,27-MAR-78,3ptp,1978-03-27
2pu6,06-NOV-07,2ri6,2007-05-22
2pv5,21-APR-10,3mgy,2007-07-03
2pv8,21-APR-10,3mh1,2007-08-21
2pw4,21-APR-09,3h0n,2007-05-22
2pz2,08-FEB-12,3ums,2008-05-27
2pz4,17-NOV-10,3phs,2007-08-07
2pzo,19-AUG-08,3e2u,2007-09-11
2q1g,27-MAY-08,3d6u,2008-04-15
2q1i,27-MAY-08,3d6v,2008-04-15
2q23,01-AUG-12,4fts,2008-07-15
2q25,01-AUG-12,4fte,2008-07-15
2q26,01-AUG-12,4fsj,2008-07-15
2qah,25-JAN-12,4d8l,2007-06-26
2qal,10-DEC-14,4v52,2007-09-25
2qam,10-DEC-14,4v52,2007-09-25
2qan,10-DEC-14,4v52,2007-09-25
2qao,10-DEC-14,4v52,2007-09-25
2qb9,10-DEC-14,4v53,2007-09-25
2qba,10-DEC-14,4v53,2007-09-25
2qbb,10-DEC-14,4v53,2007-09-25
2qbc,10-DEC-14,4v53,2007-09-25
2qbd,10-DEC-14,4v54,2007-09-25
2qbe,10-DEC-14,4v54,2007-09-25
2qbf,10-DEC-14,4v54,2007-09-25
2qbg,10-DEC-14,4v54,2007-09-25
2qbh,10-DEC-14,4v55,2007-09-25
2qbi,10-DEC-14,4v55,2007-09-25
2qbj,10-DEC-14,4v55,2007-09-25
2qbk,10-DEC-14,4v55,2007-09-25
2qc0,14-OCT-08,3eqx,2007-07-03
2qdz,22-OCT-14,4qky,2007-08-28
2qfm,19-FEB-08,3c6k,2007-08-21
2qgp,10-OCT-12,4h9d,2007-07-24
2qh8,02-MAR-10,3lkv,2007-07-24
2qhg,18-DEC-07,3bjw,2007-10-16
2qk6,16-OCT-07,2vkn,2007-08-28
2qkg,16-SEP-08,3eb7,2008-07-22
2qkz,26-JAN-10,2kkd,2008-07-08
2qnh,10-DEC-14,4v4j,2007-11-13
2qou,10-DEC-14,4v56,2007-08-14
2qov,10-DEC-14,4v56,2007-08-14
2qow,10-DEC-14,4v56,2007-08-14
2qox,10-DEC-14,4v56,2007-08-14
2qoy,10-DEC-14,4v57,2007-08-14
2qoz,10-DEC-14,4v57,2007-08-14
2qp0,10-DEC-14,4v57,2007-08-14
2qp1,10-DEC-14,4v57,2007-08-14
2qs0,28-AUG-13,4hhe,2008-08-05
2qvq,31-JUL-13,4lof,2008-11-04
2qxa,31-JUL-13,4kvp,2008-08-26
2qxb,31-JUL-13,4lo9,2008-08-26
2qxc,31-JUL-13,4loe,2008-08-26
2qye,09-OCT-07,2rdx,2007-08-21
2qyx,23-JUN-10,3nek,2007-08-21
2qz1,06-JAN-09,3fkx,2007-09-04
2r1o,19-FEB-08,3c86,2008-02-12
2r4a,07-JUL-09,3hr9,2008-09-02
2r8c,28-APR-10,3mkv,2007-09-25
2rep,09-AUG-17,5wdh,2007-10-09
2rfp,26-MAY-10,3mqu,2007-10-16
2rhn,21-JAN-98,1ayn,1995-03-31
2rhv,16-APR-88,4rhv,1986-07-14
2rkp,12-MAY-09,3h30,2007-11-06
2rl6,13-MAY-08,3cy4,2008-02-12
2rnp,07-JUL-97,3rnp,1994-08-31
2rsa,21-MAY-81,3rsa,1981-05-21
2rub,15-OCT-91,5rub,1989-04-19
2sbv,29-OCT-84,3sbv,1982-08-31
2sc2,31-OCT-93,3sc2,1991-04-15
2sdh,31-OCT-93,4sdh,1991-07-15
2sgb,12-JUL-83,3sgb,1983-07-12
2ssi,17-AUG-96,3ssi,1980-07-09
2stv,23-AUG-05,2buk,1984-07-18
2tim,15-OCT-92,5tim,1991-10-15
2tln,26-MAY-82,3tln,1982-05-26
2tna,06-FEB-79,7tna,1979-02-06
2tnc,09-OCT-88,5tnc,1985-04-01
2uce,17-MAY-99,1qcq,1994-01-31
2uv9,10-DEC-14,4v58,2007-04-17
2uva,10-DEC-14,4v58,2007-04-17
2uvb,10-DEC-14,4v59,2007-04-17
2uvc,10-DEC-14,4v59,2007-04-17
2uwg,04-APR-12,4aml,2008-05-13
2uwy,26-MAY-10,2xd1,2007-04-24
2uwz,23-FEB-10,2x52,2008-05-13
2v0q,11-SEP-07,2vaf,2007-08-07
2v2y,21-AUG-07,2v8p,2007-06-19
2v44,23-FEB-11,2xy2,2008-07-29
2v46,10-DEC-14,4v5a,2007-07-31
2v47,10-DEC-14,4v5a,2007-07-31
2v48,10-DEC-14,4v5a,2007-07-31
2v49,10-DEC-14,4v5a,2007-07-31
2v4s,27-JAN-09,2w8k,2008-12-16
2v4t,27-JAN-09,2w8l,2008-12-16
2v4w,24-NOV-09,2wya,2008-11-04
2v6d,04-SEP-07,2v95,2007-08-07
2va4,23-FEB-11,2xy1,2008-09-23
2vb4,13-MAY-08,2vq6,2007-09-18
2vcr,09-JUN-09,2wju,2008-10-28
2vcu,04-DEC-07,2vg8,2007-10-09
2vds,12-OCT-11,4a2h,2008-10-28
2vdz,12-OCT-11,4a2e,2008-11-04
2ve0,12-OCT-11,4a2d,2008-11-25
2ve2,19-MAY-10,2wba,2008-11-25
2ve5,04-AUG-09,2wme,2008-11-25
2veh,18-MAR-08,2vnp,2007-10-30
2vej,18-MAR-08,2vnq,2007-10-30
2vh8,08-SEP-09,2wqz,2008-01-08
2vhm,10-DEC-14,4v5b,2008-02-26
2vhn,10-DEC-14,4v5b,2008-02-26
2vho,10-DEC-14,4v5b,2008-02-26
2vhp,10-DEC-14,4v5b,2008-02-26
2vjg,01-SEP-09,2wql,2008-12-16
2vls,01-JUL-08,2vwc,2008-04-08
2vol,22-MAY-13,3zo0,2008-04-08
2vpu,03-NOV-10,2wzn,2009-03-31
2vrv,05-FEB-14,2xfh,2009-07-14
2vsj,12-AUG-08,2vz7,2008-05-06
2vzf,07-AUG-13,4ltd,2008-08-12
2vzh,07-AUG-13,4ltm,2008-08-12
2vzj,07-AUG-13,4ltn,2008-08-12
2w0y,19-MAY-10,2x98,2009-11-17
2w4n,07-SEP-11,2yep,2009-12-22
2w74,26-MAR-14,4be7,2009-12-29
2w8a,26-MAY-09,2wit,2009-02-24
2w8e,23-MAR-11,2y7y,2009-04-14
2w9i,30-MAR-16,5e4t,2010-03-31
2w9k,15-JUN-11,2yk3,2009-05-05
2wak,23-MAR-10,2x29,2009-12-22
2wav,17-NOV-09,2wxc,2009-02-24
2wdg,10-DEC-14,4v5c,2009-04-14
2wdh,10-DEC-14,4v5c,2009-04-14
2wdi,10-DEC-14,4v5c,2009-04-14
2wdj,10-DEC-14,4v5c,2009-04-14
2wdk,10-DEC-14,4v5d,2009-04-14
2wdl,10-DEC-14,4v5d,2009-04-14
2wdm,10-DEC-14,4v5d,2009-04-14
2wdn,10-DEC-14,4v5d,2009-04-14
2wdx,29-MAY-13,4k3t,2010-04-07
2wem,20-OCT-09,2wul,2009-06-23
2wga,07-MAY-86,3wga,1980-07-09
2wgk,09-SEP-15,5aec,2010-05-26
2wh1,10-DEC-14,4v5e,2009-05-19
2wh2,10-DEC-14,4v5e,2009-05-19
2wh3,10-DEC-14,4v5e,2009-05-19
2wh4,10-DEC-14,4v5e,2009-05-19
2wha,16-FEB-10,2x1n,2009-06-09
2wir,17-AUG-11,3zwq,2010-06-09
2wl2,29-DEC-10,2y3p,2009-12-15
2wn0,03-NOV-10,2wwo,2009-07-21
2wn1,03-NOV-10,2wwn,2009-07-21
2wri,10-DEC-14,4v5f,2009-10-20
2wrj,10-DEC-14,4v5f,2009-10-20
2wrk,10-DEC-14,4v5f,2009-10-20
2wrl,10-DEC-14,4v5f,2009-10-20
2wrn,10-DEC-14,4v5g,2009-10-20
2wro,10-DEC-14,4v5g,2009-10-20
2wrp,06-MAR-07,2oz9,1988-04-16
2wrq,10-DEC-14,4v5g,2009-10-20
2wrr,10-DEC-14,4v5g,2009-10-20
2wwl,10-DEC-14,4v5h,2010-04-14
2wwq,10-DEC-14,4v5h,2010-04-14
2wx6,26-JAN-11,2y4d,2010-02-23
2wx7,26-JAN-11,2y4e,2010-02-23
2wxe,02-FEB-10,2x38,2010-01-12
2x0m,26-JAN-10,2x2g,2009-12-29
2x0z,14-APR-10,2xak,2010-01-12
2x1y,14-APR-10,2xap,2010-01-26
2x33,14-APR-10,2xav,2010-02-02
2x37,16-JUN-10,2xh5,2010-02-23
2x3i,14-APR-10,2xax,2010-02-09
2x3s,14-APR-10,2xay,2010-02-02
2x4b,19-JAN-11,2y4s,2010-09-29
2x4c,26-JAN-11,2y5e,2010-09-29
2x54,10-DEC-14,4v5i,2010-02-23
2x59,14-APR-10,2xaz,2010-02-23
2x5a,10-DEC-14,4v5i,2010-02-23
2x5b,14-APR-10,2xaw,2010-02-23
2x5e,19-JAN-11,2xu2,2010-07-28
2x9r,10-DEC-14,4v5j,2010-05-12
2x9s,10-DEC-14,4v5j,2010-05-12
2x9t,10-DEC-14,4v5j,2010-05-12
2x9u,10-DEC-14,4v5j,2010-05-12
2xai,30-JAN-13,3zkj,2010-04-07
2xbh,25-AUG-99,1c4b,1999-02-22
2xdt,13-APR-11,2yd0,2010-05-19
2xfz,10-DEC-14,4v5k,2010-09-22
2xg0,10-DEC-14,4v5k,2010-09-22
2xg1,10-DEC-14,4v5k,2010-09-22
2xg2,10-DEC-14,4v5k,2010-09-22
2xhq,27-JUN-12,4axq,2011-07-06
2xia,15-OCT-91,7xia,1988-10-09
2xip,17-NOV-10,2xwc,2010-07-14
2xm6,24-JUL-13,4bwr,2011-09-07
2xpf,22-DEC-10,2y1u,2010-09-08
2xps,10-DEC-14,4d7m,2011-09-07
2xpt,10-DEC-14,4d7n,2011-09-07
2xqd,10-DEC-14,4v5l,2010-11-17
2xqe,10-DEC-14,4v5l,2010-11-17
2xsy,10-DEC-14,4v5m,2010-12-08
2xt9,22-MAY-19,6i2q,2011-10-12
2xtg,10-DEC-14,4v5m,2010-12-08
2xun,08-DEC-10,2xzw,2010-11-03
2xux,10-DEC-14,4v5n,2010-12-08
2xuy,10-DEC-14,4v5n,2010-12-08
2xw2,02-FEB-11,2y4j,2010-11-17
2xw3,02-FEB-11,2y4k,2010-11-17
2xw4,02-FEB-11,2y4l,2010-11-17
2xw5,02-FEB-11,2y4m,2010-11-17
2xxe,28-DEC-11,4a73,2010-11-17
2xzh,01-AUG-12,4g55,2011-08-17
2xzm,10-DEC-14,4v5o,2011-01-19
2xzn,10-DEC-14,4v5o,2011-01-19
2y0u,10-DEC-14,4v5p,2011-03-09
2y0v,10-DEC-14,4v5p,2011-03-09
2y0w,10-DEC-14,4v5p,2011-03-09
2y0x,10-DEC-14,4v5p,2011-03-09
2y0y,10-DEC-14,4v5q,2011-03-09
2y0z,10-DEC-14,4v5q,2011-03-09
2y10,10-DEC-14,4v5r,2011-03-09
2y11,10-DEC-14,4v5r,2011-03-09
2y12,10-DEC-14,4v5q,2011-03-09
2y13,10-DEC-14,4v5q,2011-03-09
2y14,10-DEC-14,4v5s,2011-03-09
2y15,10-DEC-14,4v5s,2011-03-09
2y16,10-DEC-14,4v5s,2011-03-09
2y17,10-DEC-14,4v5s,2011-03-09
2y18,10-DEC-14,4v5r,2011-03-09
2y19,10-DEC-14,4v5r,2011-03-09
2y1u,19-JAN-11,2y4r,2010-12-22
2y3t,26-MAR-14,4beb,2011-12-07
2y5o,29-FEB-12,3zvw,2011-07-27
2y5r,29-FEB-12,3zvt,2011-07-27
2y7t,10-DEC-14,4v5t,2011-06-08
2y7u,10-DEC-14,4v5t,2011-06-08
2y7v,10-DEC-14,4v5t,2011-06-08
2y86,26-JUN-13,3zoi,2012-02-29
2y8m,18-MAY-11,2yg0,2011-02-23
2y94,25-DEC-13,4cfh,2011-03-16
2y9a,10-DEC-14,4v5u,2011-05-11
2y9b,10-DEC-14,4v5u,2011-05-11
2y9c,10-DEC-14,4v5u,2011-05-11
2y9d,10-DEC-14,4v5u,2011-05-11
2y9i,18-MAY-11,2yfz,2011-02-23
2y9l,14-NOV-12,2yok,2012-02-29
2y9o,17-JUL-13,4bwf,2012-02-29
2y9s,18-MAY-11,2yfu,2011-02-23
2yb3,28-NOV-12,2ypu,2012-03-21
2yc6,29-MAY-13,4bi6,2012-03-14
2yc7,29-MAY-13,4bi7,2012-03-14
2yc8,05-JUN-13,4bi5,2012-03-14
2yc9,11-JUL-12,4ayz,2012-03-21
2ydn,10-OCT-12,4b7u,2011-03-30
2yf1,28-SEP-16,5ad0,2012-04-11
2yf5,06-MAY-15,4d0c,2012-04-18
2yf6,06-MAY-15,4d0b,2011-04-20
2yfg,19-JUN-13,4bht,2012-03-28
2ygr,22-JUN-11,3zqj,2011-06-08
2yhp,10-DEC-14,4v5v,2012-01-25
2yhq,10-DEC-14,4v5v,2012-01-25
2yi2,10-DEC-14,4v5w,2011-11-16
2yi3,10-DEC-14,4v5w,2011-11-16
2yi4,10-DEC-14,4v5w,2011-11-16
2yl4,11-JUL-12,4ayt,2012-01-25
2ymf,10-DEC-14,4v5x,2012-11-28
2ymg,10-DEC-14,4v5x,2012-11-28
2ymh,10-DEC-14,4v5x,2012-12-05
2ymi,10-DEC-14,4v5x,2012-11-28
2ymr,10-DEC-14,4v5x,2012-11-28
2you,18-FEB-15,5aer,2013-11-06
2yov,18-FEB-15,5aeq,2013-11-06
2yqv,15-APR-08,2zkw,2008-04-01
2yqw,15-APR-08,2zkx,2008-04-01
2yqx,15-APR-08,2zky,2008-04-01
2yvd,04-AUG-09,3ie2,2008-04-15
2yws,23-FEB-10,3acb,2007-10-23
2ywt,23-FEB-10,3acc,2007-10-23
2ywu,23-FEB-10,3acd,2007-10-23
2yy4,15-JUN-16,5b6o,2008-05-06
2yyd,27-MAY-08,2zod,2008-05-06
2z0c,21-JUL-09,3a4i,2008-05-13
2z0h,02-JUN-09,3hjn,2007-11-13
2z2q,01-AUG-12,4ftb,2008-07-15
2z2v,01-SEP-09,3a63,2008-07-08
2z4k,10-DEC-14,4v5y,2007-09-25
2z4l,10-DEC-14,4v5y,2007-09-25
2z4m,10-DEC-14,4v5y,2007-09-25
2z4n,10-DEC-14,4v5y,2007-09-25
2z5a,16-SEP-08,2zs6,2008-05-20
2z8t,17-MAR-09,2zk9,2008-09-23
2z9e,06-OCT-10,3aj1,2008-09-23
2z9f,06-OCT-10,3aj2,2008-09-23
2z9m,20-JAN-09,2zxj,2008-09-30
2z9r,20-NOV-07,2zbd,2007-10-09
2zcd,02-JAN-13,3vqv,2008-04-22
2zcp,10-APR-13,3w7f,2008-03-11
2zdb,15-JUN-11,3b02,2008-12-09
2zdd,04-AUG-09,3ie0,2008-11-25
2zde,04-AUG-09,3ie1,2008-11-25
2zdf,04-AUG-09,3idz,2008-11-25
2zdr,09-OCT-19,6ppw,2007-12-11
2zdw,04-AUG-09,3a4y,2008-11-25
2zea,29-FEB-12,3vdq,2008-06-03
2zg5,13-JAN-09,2zp7,2008-02-26
2zh0,04-SEP-13,4h4l,2009-02-24
2zkq,10-DEC-14,4v5z,2008-05-06
2zkr,10-DEC-14,4v5z,2008-05-06
2zlz,11-JAN-12,4a91,2008-09-02
2zuo,10-DEC-14,4v60,2009-01-13
2zv4,10-DEC-14,4v60,2009-01-13
2zv5,10-DEC-14,4v60,2009-01-13
2zxs,16-FEB-11,3ajn,2009-01-27
347d,31-DEC-97,362d,1997-09-26
356d,28-JAN-98,364d,1997-12-31
373d,23-SEP-03,413d,1998-02-25
3a2r,07-NOV-12,3vzt,2010-04-07
3a2t,07-NOV-12,3vzw,2010-04-07
3a2u,13-MAR-13,3vzu,2010-04-07
3a63,29-DEC-09,3abi,2009-09-01
3a97,26-MAY-10,3adp,2009-11-03
3a9a,05-JAN-10,3abx,2009-11-03
3aah,08-DEC-96,4aah,1994-04-30
3ac6,18-JAN-12,3viu,2010-12-08
3adh,11-SEP-79,4adh,1979-09-11
3adn,18-AUG-10,3o4f,2010-03-23
3agj,03-SEP-14,3wxm,2010-10-06
3aj0,09-APR-14,4kep,2011-05-25
3ake,29-JUL-20,7ckj,2011-07-06
3alh,02-APR-14,4jy2,2011-08-10
3ali,02-APR-14,4jy3,2011-08-10
3alk,02-APR-14,4h2n,2011-08-10
3an0,29-FEB-12,3vn9,2011-09-07
3arc,03-SEP-14,3wu2,2011-04-20
3atc,02-JAN-85,5atc,1982-12-07
3ay1,26-SEP-12,3vkh,2011-05-25
3ayy,16-AUG-17,5y34,2011-10-12
3b2a,10-JUL-13,4l7m,2011-08-31
3b2b,11-JAN-12,3uwd,2011-08-24
3b3e,25-NOV-08,3f7j,2008-10-21
3b3h,22-JAN-08,3bkn,2007-11-13
3b5c,12-MAR-00,1cyo,1991-01-15
3b5v,25-AUG-09,3hoj,2008-01-22
3b8c,10-AUG-16,5ksd,2007-12-18
3bbn,10-DEC-14,4v61,2008-05-13
3bbo,10-DEC-14,4v61,2008-05-27
3bbs,03-NOV-10,3p7f,2007-12-25
3bc6,03-NOV-10,3p7h,2007-12-25
3bc7,03-NOV-10,3p7g,2007-12-25
3bcl,15-JUL-98,4bcl,1988-01-16
3bfn,16-JAN-19,6nje,2007-12-04
3bhc,25-MAR-08,3ck6,2007-12-11
3bi8,22-SEP-09,3ird,2008-12-02
3bjg,04-SEP-19,3srp,2008-12-16
3bmd,19-JAN-10,3jq6,2008-12-16
3bme,19-JAN-10,3jq7,2008-12-16
3bmf,19-JAN-10,3jq8,2008-12-16
3bmg,19-JAN-10,3jqa,2008-12-16
3bmh,19-JAN-10,3jqb,2008-12-16
3bmi,19-JAN-10,3jqc,2008-12-16
3bmj,19-JAN-10,3jqd,2008-12-16
3bmk,19-JAN-10,3jqe,2008-12-16
3bml,19-JAN-10,3jq9,2008-12-16
3bmm,19-JAN-10,3jqf,2008-12-16
3bmr,19-JAN-10,3jqg,2008-12-16
3bpy,29-DEC-09,3l2c,2008-01-22
3bqs,14-APR-10,3mab,2008-01-08
3brr,11-FEB-15,4xc4,2008-12-02
3bvr,12-FEB-08,3c25,2008-01-22
3bw5,20-OCT-09,3juh,2008-01-22
3bx6,09-FEB-10,3kq0,2008-12-02
3bxt,25-MAR-08,3cbt,2008-01-29
3by3,10-JUN-08,3d26,2008-04-22
3bz1,10-DEC-14,4v62,2009-01-20
3bz2,10-DEC-14,4v62,2009-01-20
3c2n,16-JUL-14,4puj,2009-02-03
3c2z,09-JUL-14,4q4s,2009-02-03
3c4d,08-AUG-12,4fk3,2008-02-26
3c4i,21-MAY-14,4pt4,2009-02-03
3c5b,10-JUL-13,3j40,2008-03-25
3c67,03-APR-13,3w7s,2008-06-10
3c68,03-APR-13,3w7t,2008-06-10
3c69,03-APR-13,3w7u,2008-06-10
3c7b,12-MAY-10,3mmc,2008-06-03
3c93,14-JUL-10,3nkw,2008-03-04
3c9y,07-OCT-08,3emy,2008-08-19
3cee,15-DEC-09,3gsh,2009-03-03
3cef,17-JUN-08,3d7w,2008-03-18
3cg2,02-MAR-10,3l8x,2008-04-08
3cgv,27-OCT-10,3oz2,2008-03-18
3cha,01-APR-85,5cha,1976-09-22
3chz,24-MAR-09,1vsu,2009-02-17
3cie,24-MAR-09,1vsv,2009-02-17
3cju,23-SEP-08,3egv,2008-05-20
3cm4,09-OCT-19,6ppx,2008-04-22
3cmk,13-JAN-09,3fmq,2008-04-15
3cpn,06-OCT-09,3k1u,2008-04-15
3cpv,15-OCT-90,5cpv,1976-12-20
3cqm,04-AUG-10,3nvd,2009-04-07
3ctc,04-AUG-09,3hvl,2009-03-31
3ctu,27-OCT-09,3k6e,2008-04-29
3cum,18-AUG-10,3obb,2008-04-29
3cxe,23-SEP-15,4nkq,2008-08-26
3cxt,15-DEC-10,3o03,2009-03-17
3cyk,03-NOV-10,3dgd,2008-06-03
3d0d,13-JAN-09,3fmr,2008-05-13
3d1t,07-SEP-16,5k9g,2009-05-12
3d1u,25-NOV-08,3f7w,2008-05-20
3d35,16-FEB-11,3qm0,2008-06-24
3d5a,10-DEC-14,4v63,2008-10-07
3d5b,10-DEC-14,4v63,2008-10-07
3d5c,10-DEC-14,4v63,2008-10-07
3d5d,10-DEC-14,4v63,2008-10-07
3d6s,27-APR-22,5vpk,2009-02-10
3dbb,06-JAN-09,3f70,2008-08-19
3dbw,10-FEB-09,3fms,2008-07-01
3df1,10-DEC-14,4v64,2008-08-19
3df2,10-DEC-14,4v64,2008-08-19
3df3,10-DEC-14,4v64,2008-08-19
3df4,10-DEC-14,4v64,2008-08-19
3dfb,23-JUN-09,3u8v,2009-06-16
3dfd,08-DEC-09,3klu,2008-08-12
3dii,17-MAR-09,3ged,2008-07-01
3dij,17-MAR-09,3geg,2008-07-01
3dld,12-OCT-16,5e5d,2009-06-30
3dlo,29-AUG-18,6hcd,2008-08-26
3dm4,08-DEC-09,3klw,2008-08-26
3dma,25-JUN-14,4py9,2008-08-26
3dmq,13-DEC-17,6bog,2008-09-09
3dnw,28-JUL-09,3hzi,2009-01-27
3dpv,01-APR-97,4dpv,1995-02-14
3dsa,16-SEP-08,3e7n,2008-08-12
3dth,05-MAY-10,3jz6,2009-06-23
3dzx,06-JUN-18,6d0s,2008-08-19
3e0t,30-JUN-09,3hsu,2008-09-02
3e1a,10-DEC-14,4v65,2009-08-18
3e1b,10-DEC-14,4v65,2009-08-18
3e1c,10-DEC-14,4v66,2009-08-18
3e1d,10-DEC-14,4v66,2009-08-18
3e2g,21-OCT-08,3evx,2008-08-19
3e3w,20-JAN-09,3fkt,2008-10-28
3e4x,19-MAY-09,3gor,2008-10-14
3e7e,12-NOV-14,4r8q,2008-11-25
3e8a,07-APR-10,3maa,2009-05-12
3ed6,25-SEP-13,4mpb,2008-09-23
3eds,20-JUL-11,3smd,2008-09-23
3een,13-APR-11,3r97,2009-09-08
3eew,08-FEB-12,3vdr,2009-04-14
3eg7,29-JUL-15,5cnp,2008-09-30
3egp,29-SEP-09,3irc,2008-11-04
3ehd,07-APR-21,7m5h,2008-10-14
3em5,27-NOV-13,4hpg,2009-09-29
3eme,15-SEP-09,3iwh,2008-10-07
3end,24-MAR-09,3fwy,2008-11-25
3eow,07-DEC-11,3uro,2008-11-04
3epq,01-DEC-10,3ohr,2008-12-23
3esg,15-MAR-17,5v00,2009-10-13
3etk,28-JUL-09,3icj,2008-10-21
3eu6,25-NOV-08,3f5t,2008-11-04
3evh,11-APR-12,4e1y,2009-10-20
3evl,11-APR-12,4e23,2009-10-20
3ew4,11-APR-12,4e25,2009-10-20
3ex0,26-JAN-10,3l0k,2009-04-07
3ex5,26-JAN-10,3l0n,2009-04-07
3exk,16-JUN-09,3hp1,2009-03-03
3eyn,07-APR-09,3gpc,2008-11-11
3eyr,26-JAN-10,3l6i,2008-11-04
3ezc,29-DEC-99,3ezb,1999-12-29
3ezd,29-DEC-99,3ezb,1999-12-29
3f09,27-MAR-13,4jm7,2008-11-11
3f0j,06-OCT-10,3nb8,2009-10-13
3f0k,06-OCT-10,3nb9,2009-10-13
3f1e,10-DEC-14,4v67,2008-12-23
3f1f,10-DEC-14,4v67,2008-12-23
3f1g,10-DEC-14,4v67,2008-12-23
3f1h,10-DEC-14,4v67,2008-12-23
3f2s,10-FEB-09,3g15,2008-11-11
3f55,27-NOV-13,4iis,2009-10-20
3f5i,02-JUN-10,3ahv,2009-11-03
3f93,21-DEC-11,3ut0,2009-11-17
3f94,21-DEC-11,3usz,2009-11-17
3fab,31-JAN-94,7fab,1981-12-08
3fam,30-JUN-09,3hyh,2008-12-30
3fbh,18-MAY-11,2yey,2009-11-24
3fd1,16-JUL-88,4fd1,1988-04-16
3ffj,23-JUN-10,3n04,2008-12-30
3fg0,09-OCT-13,4mpy,2008-12-30
3fgf,15-JUL-93,4fgf,1992-01-15
3fhs,25-JUN-14,4top,2009-07-07
3fic,10-DEC-14,4v68,2009-03-03
3fih,10-DEC-14,4v69,2009-03-03
3fik,10-DEC-14,4v69,2009-02-24
3fin,10-DEC-14,4v68,2009-03-03
3fio,31-MAR-09,3ghd,2009-01-20
3fiy,19-DEC-12,4hz6,2009-01-13
3fiz,19-DEC-12,4hz7,2009-01-13
3fj0,19-DEC-12,4hz8,2009-01-13
3fkm,01-FEB-23,5ulc,2009-01-13
3fkx,14-JUL-09,3hwq,2009-01-06
3fos,28-MAR-12,4dbj,2009-02-10
3fpq,27-MAR-19,6cn9,2009-01-13
3fqp,18-DEC-13,4np8,2009-06-30
3fsp,28-AUG-19,6q0c,2010-01-19
3fsq,23-SEP-15,5dpk,2010-01-19
3fu4,06-OCT-09,3k1v,2009-03-03
3fwd,03-OCT-12,4h57,2010-02-09
3fwm,14-MAR-12,3vma,2009-06-02
3fxc,07-DEC-95,4fxc,1982-02-03
3fxn,12-MAR-97,5nll,1978-03-16
3g07,08-MAR-17,5una,2009-02-10
3g41,16-JUN-10,3n26,2010-02-16
3g62,23-MAY-12,4f1u,2009-10-06
3g63,23-MAY-12,4f1v,2009-10-06
3g8n,11-APR-12,3g8o,2010-02-16
3g95,29-DEC-09,3l3c,2009-11-03
3gap,20-DEC-00,1g6n,1987-07-16
3gbc,12-JAN-11,3pl1,2010-03-16
3gev,09-JUL-14,4q4q,2010-03-09
3gfn,25-JAN-12,3v0y,2010-03-09
3ggb,09-NOV-11,3u89,2010-03-09
3ggt,18-JAN-12,3u7s,2009-08-11
3ghx,23-JUN-10,3n10,2009-09-22
3gjg,19-MAY-09,3hae,2009-04-28
3gnh,28-JUL-10,3mtw,2009-03-31
3gow,23-JUN-09,3hrx,2009-06-02
3gqn,03-AUG-11,3suc,2009-05-26
3gqw,23-FEB-11,3pbk,2009-06-02
3gsa,17-AUG-99,3gsb,1998-03-04
3gxj,23-JUN-09,3hmm,2009-04-21
3gxs,02-FEB-10,3lax,2009-04-21
3h27,14-JUL-09,3hyv,2009-06-09
3h28,14-JUL-09,3hyw,2009-06-09
3h29,14-JUL-09,3hyx,2009-06-09
3h2r,09-MAR-11,3qqd,2010-05-05
3h4a,27-OCT-09,3ip0,2009-04-28
3h4u,16-JUN-09,3hpa,2009-04-28
3h5d,12-JUN-13,3vfl,2010-01-19
3h5m,23-FEB-10,3lrb,2009-06-02
3h6b,23-FEB-10,3lrc,2009-06-02
3h6l,03-OCT-12,4h12,2009-05-05
3h7e,01-JUN-11,3rk0,2009-05-05
3h88,29-SEP-10,3ota,2009-07-21
3h8p,19-OCT-11,3tm0,2009-06-30
3h9i,29-DEC-10,3ooc,2009-09-01
3h9t,17-NOV-10,3ow7,2009-08-18
3hbi,28-MAR-06,2av0,1997-08-20
3hd9,01-SEP-09,3ipd,2009-07-14
3hed,08-SEP-09,3in5,2009-06-23
3hfl,26-APR-05,1yqv,1995-07-31
3hgc,12-FEB-14,4nyk,2009-07-21
3hh9,23-MAR-10,3adn,2010-01-19
3hho,30-JAN-13,4it5,2009-05-26
3hma,07-SEP-11,3rdr,2010-06-09
3hn9,30-NOV-11,3umn,2009-06-30
3hnn,11-JUL-12,4fek,2009-06-23
3hqk,18-AUG-10,3ncy,2009-07-07
3hqs,24-NOV-09,3kki,2009-10-20
3hrj,19-JAN-10,3lc0,2009-12-01
3huw,10-DEC-14,4v6a,2009-09-29
3hux,10-DEC-14,4v6a,2009-09-29
3huy,10-DEC-14,4v6a,2009-09-29
3huz,10-DEC-14,4v6a,2009-09-29
3hvb,20-FEB-13,4j40,2009-08-18
3hwq,28-JUL-09,3ib2,2009-07-14
3hwv,11-AUG-09,3ib0,2009-06-30
3hwy,11-AUG-09,3iaz,2009-06-30
3hwz,11-AUG-09,3ib1,2009-06-30
3hx2,10-DEC-14,4v6b,2009-08-18
3hx5,10-DEC-14,4v6b,2009-08-18
3hx7,10-DEC-14,4v6b,2009-08-18
3i1m,10-DEC-14,4v6c,2009-09-01
3i1n,10-DEC-14,4v6c,2009-09-01
3i1o,10-DEC-14,4v6c,2009-09-01
3i1p,10-DEC-14,4v6c,2009-09-01
3i1q,10-DEC-14,4v6d,2009-09-01
3i1r,10-DEC-14,4v6d,2009-09-01
3i1s,10-DEC-14,4v6d,2009-09-01
3i1t,10-DEC-14,4v6d,2009-09-01
3i1v,14-APR-10,3mg1,2010-03-31
3i1w,14-APR-10,3mg2,2010-03-31
3i1x,14-APR-10,3mg3,2010-03-31
3i1z,10-DEC-14,4v6e,2009-09-01
3i20,10-DEC-14,4v6e,2009-09-01
3i21,10-DEC-14,4v6e,2009-09-01
3i22,10-DEC-14,4v6e,2009-09-01
3i3k,02-FEB-10,3ld6,2009-08-25
3i8f,10-DEC-14,4v6f,2010-04-21
3i8g,10-DEC-14,4v6f,2010-04-21
3i8h,10-DEC-14,4v6f,2010-04-21
3i8i,10-DEC-14,4v6f,2010-04-21
3i9b,10-DEC-14,4v6g,2010-04-21
3i9c,10-DEC-14,4v6g,2010-04-21
3i9d,10-DEC-14,4v6g,2010-04-21
3i9e,10-DEC-14,4v6g,2010-04-21
3icg,08-SEP-10,3ndy,2010-07-28
3ifg,10-DEC-14,4v6h,2009-08-04
3ifh,10-DEC-14,4v6h,2009-08-04
3ih1,23-JAN-13,4iqd,2009-08-11
3ihh,18-APR-12,4e5o,2010-02-02
3ihn,29-SEP-09,3jze,2009-08-11
3ii8,16-JUN-10,3n3t,2009-08-18
3ikz,22-DEC-10,3pxu,2009-08-18
3imz,11-MAY-11,3r9a,2010-08-18
3iqk,27-JUN-12,4fik,2010-08-25
3irg,01-DEC-09,3knb,2009-09-01
3iye,16-MAR-10,3los,2010-02-02
3iyn,27-SEP-17,6b1t,2010-09-08
3iyt,03-NOV-10,3iza,2010-05-19
3iyu,10-DEC-14,4v7q,2010-11-24
3iz5,15-DEC-10,3izr,2010-12-01
3iz6,05-FEB-14,3j60,2010-12-01
3iz7,05-FEB-14,3j5z,2010-12-01
3iz8,10-DEC-14,4v4l,2011-01-19
3iz9,05-FEB-14,3j62,2010-12-01
3iza,10-APR-13,3j2t,2010-11-03
3izb,10-DEC-14,4v6i,2010-12-01
3izc,15-DEC-10,3izs,2010-12-01
3ize,10-DEC-14,4v6i,2010-12-01
3izf,10-DEC-14,4v6i,2010-12-01
3izr,05-FEB-14,3j61,2010-12-15
3izs,10-DEC-14,4v6i,2010-12-15
3izt,10-DEC-14,4v6l,2011-03-23
3izu,10-DEC-14,4v6k,2011-03-23
3izv,10-DEC-14,4v6l,2011-03-23
3izw,10-DEC-14,4v6k,2011-03-23
3j00,10-DEC-14,4v6m,2011-04-20
3j01,10-DEC-14,4v6m,2011-04-20
3j0t,10-DEC-14,4v6n,2012-03-21
3j0u,10-DEC-14,4v6n,2012-03-21
3j0v,10-DEC-14,4v6o,2012-03-21
3j0w,10-DEC-14,4v6o,2012-03-21
3j0x,10-DEC-14,4v6p,2012-03-21
3j0y,10-DEC-14,4v6p,2012-03-21
3j0z,10-DEC-14,4v6q,2012-03-21
3j10,10-DEC-14,4v6r,2012-03-21
3j11,10-DEC-14,4v6s,2012-03-21
3j12,10-DEC-14,4v6q,2012-03-21
3j13,10-DEC-14,4v6s,2012-03-21
3j14,10-DEC-14,4v6r,2012-03-21
3j18,10-DEC-14,4v6t,2012-05-09
3j19,10-DEC-14,4v6t,2012-05-09
3j20,10-DEC-14,4v6u,2012-11-28
3j21,10-DEC-14,4v6u,2012-11-28
3j2k,25-DEC-13,3j5y,2012-11-28
3j2l,10-DEC-14,4v6u,2012-11-28
3j36,10-DEC-14,4v6v,2013-04-03
3j37,10-DEC-14,4v6v,2013-04-03
3j38,10-DEC-14,4v6w,2013-05-01
3j39,10-DEC-14,4v6w,2013-05-01
3j3a,10-DEC-14,4v6x,2013-05-01
3j3b,10-DEC-14,4v6x,2013-05-01
3j3c,10-DEC-14,4v6w,2013-05-01
3j3d,10-DEC-14,4v6x,2013-05-01
3j3e,10-DEC-14,4v6w,2013-05-01
3j3f,10-DEC-14,4v6x,2013-05-01
3j43,10-DEC-14,4v4n,2013-10-23
3j44,10-DEC-14,4v4n,2013-10-23
3j4v,10-DEC-14,4v6y,2013-11-13
3j4w,10-DEC-14,4v6z,2013-11-13
3j4x,10-DEC-14,4v6z,2013-11-13
3j4y,10-DEC-14,4v70,2013-11-13
3j4z,10-DEC-14,4v71,2013-11-13
3j50,10-DEC-14,4v71,2013-11-13
3j51,10-DEC-14,4v70,2013-11-13
3j52,10-DEC-14,4v6y,2013-11-13
3j53,10-DEC-14,4v72,2013-11-13
3j54,10-DEC-14,4v72,2013-11-13
3j55,10-DEC-14,4v73,2013-11-13
3j56,10-DEC-14,4v73,2013-11-13
3j57,10-DEC-14,4v74,2013-11-13
3j58,10-DEC-14,4v74,2013-11-13
3j59,10-DEC-14,4v75,2013-11-13
3j5a,10-DEC-14,4v75,2013-11-13
3j5b,10-DEC-14,4v76,2013-11-13
3j5c,10-DEC-14,4v76,2013-11-13
3j5d,10-DEC-14,4v77,2013-11-13
3j5e,10-DEC-14,4v77,2013-11-13
3j5f,10-DEC-14,4v78,2013-11-13
3j5g,10-DEC-14,4v78,2013-11-13
3j5h,10-DEC-14,4v79,2013-11-13
3j5i,10-DEC-14,4v79,2013-11-13
3j5j,10-DEC-14,4v7a,2013-11-13
3j5k,10-DEC-14,4v7a,2013-11-13
3j5n,10-DEC-14,4v7b,2013-12-11
3j5o,10-DEC-14,4v7b,2013-12-11
3j5t,10-DEC-14,4v7c,2013-12-18
3j5u,10-DEC-14,4v7c,2013-12-18
3j5w,10-DEC-14,4v7d,2013-12-18
3j5x,10-DEC-14,4v7d,2013-12-18
3j5z,10-DEC-14,4v7e,2014-02-05
3j60,10-DEC-14,4v7e,2014-02-05
3j61,10-DEC-14,4v7e,2014-02-05
3j62,10-DEC-14,4v7e,2014-02-05
3j64,10-DEC-14,4v7f,2014-03-26
3j65,10-DEC-14,4v7f,2014-03-26
3j66,10-DEC-14,4v7f,2014-03-26
3j69,27-JAN-16,3jbd,2014-02-19
3j6a,27-JAN-16,3jbc,2014-02-19
3j6v,13-JUL-16,3jd5,2014-06-18
3j71,03-SEP-14,3j7o,2014-06-18
3j72,03-SEP-14,3j7q,2014-06-18
3j73,03-SEP-14,3j7r,2014-06-18
3j74,03-SEP-14,3j7p,2014-06-18
3j7j,22-OCT-14,3j8b,2014-09-24
3j7k,22-OCT-14,3j8c,2014-09-24
3j7u,26-OCT-16,5gkn,2015-02-18
3j8e,12-OCT-16,5tb0,2014-12-10
3j9a,14-MAR-18,6b43,2015-02-04
3jaq,01-MAR-23,6gsm,2015-08-12
3jqu,11-MAR-15,4tn9,2010-09-29
3jr0,08-JUN-11,3rwn,2011-03-09
3jrl,11-AUG-10,3o5x,2010-03-02
3js7,28-MAY-14,4jrw,2010-09-29
3jv8,10-DEC-14,4v7g,2010-11-10
3jvp,09-FEB-11,3qdk,2009-10-13
3jyv,10-DEC-14,4v7h,2009-12-22
3jyw,10-DEC-14,4v7h,2009-12-22
3jyx,10-DEC-14,4v7h,2009-12-22
3k5a,07-APR-10,3maq,2010-02-09
3k6e,17-MAR-21,7lzg,2009-10-27
3k95,07-APR-10,3m49,2009-10-27
3ka1,26-JAN-11,3q20,2010-11-03
3kau,15-OCT-95,1kra,1995-07-10
3kax,10-AUG-11,3t32,2009-10-27
3kb4,25-JUL-18,6e12,2009-11-17
3kbi,02-MAY-12,4eoh,2010-07-14
3kc4,10-DEC-14,4v7i,2010-03-02
3kcr,10-DEC-14,4v7i,2010-03-02
3kdv,11-JUL-12,4exw,2010-02-09
3kf1,06-JUN-12,4e43,2010-02-23
3kgm,27-JUL-11,3sh7,2010-12-08
3kgn,27-JUL-11,3sh9,2010-12-08
3kgo,27-JUL-11,3sh8,2010-12-08
3kh6,06-FEB-13,3v2b,2009-11-24
3kha,12-SEP-12,4fxi,2009-12-08
3kiq,10-DEC-14,4v7j,2009-12-15
3kir,10-DEC-14,4v7j,2009-12-15
3kis,10-DEC-14,4v7j,2009-12-15
3kit,10-DEC-14,4v7j,2009-12-15
3kiu,10-DEC-14,4v7k,2009-12-15
3kiw,10-DEC-14,4v7k,2009-12-15
3kix,10-DEC-14,4v7k,2009-12-15
3kiy,10-DEC-14,4v7k,2009-12-15
3kkh,06-APR-11,2x6l,2010-12-22
3knh,10-DEC-14,4v7l,2010-02-16
3kni,10-DEC-14,4v7l,2010-02-16
3knj,10-DEC-14,4v7l,2010-02-23
3knk,10-DEC-14,4v7l,2010-02-16
3knl,10-DEC-14,4v7m,2010-02-23
3knm,10-DEC-14,4v7m,2010-02-16
3knn,10-DEC-14,4v7m,2010-02-23
3kno,10-DEC-14,4v7m,2010-02-16
3kpg,17-AUG-11,3t31,2010-04-07
3kpi,17-AUG-11,3t2z,2010-04-07
3ks1,09-JUN-10,3mwo,2010-02-23
3ku8,30-MAY-12,4ely,2010-11-17
3kua,30-MAY-12,4elz,2010-11-17
3kub,06-APR-11,3llg,2010-12-08
3kwh,25-AUG-10,3oc0,2010-01-12
3kwn,20-DEC-17,5qc4,2010-04-14
3kwt,20-FEB-19,6nyc,2010-02-16
3kwu,20-FEB-19,6nyt,2010-02-16
3kxj,15-DEC-10,3pvg,2010-11-17
3kyp,15-MAR-17,5x7v,2010-06-02
3kz2,23-JAN-13,4iqe,2009-12-15
3l2f,10-DEC-14,4v7n,2010-03-02
3l2g,10-DEC-14,4v7n,2010-03-02
3l2s,20-OCT-10,3oy9,2010-02-09
3l2t,20-OCT-10,3oya,2010-02-09
3l3e,08-DEC-10,3pd7,2010-01-12
3l52,09-MAY-12,3v75,2010-01-19
3l53,18-JAN-12,3v77,2010-01-19
3l55,18-JAN-12,3vdh,2010-01-12
3l5g,23-FEB-11,3qme,2011-01-12
3l5q,10-DEC-14,4v7o,2010-06-16
3l5y,19-MAR-14,4ps4,2010-04-14
3l69,25-JAN-12,4dbk,2010-01-26
3l6s,14-MAR-12,4dyo,2010-03-16
3l7s,03-AUG-11,3t0c,2011-01-12
3l80,17-JUL-13,4l9a,2010-12-08
3l83,16-JUN-10,3m3p,2010-01-12
3l90,28-APR-10,3mi3,2010-01-19
3l96,17-JUL-13,4jad,2011-02-16
3l97,17-JUL-13,4jae,2011-02-16
3l98,17-JUL-13,4jaf,2011-02-16
3l99,17-JUL-13,4jag,2011-02-16
3l9o,03-DEC-14,4qu4,2010-06-09
3lab,18-JAN-12,3vcr,2010-01-19
3lar,03-FEB-16,5ayx,2011-01-19
3lb7,15-SEP-10,3omv,2010-02-02
3lfx,11-FEB-15,4xtk,2010-03-02
3lh6,15-DEC-10,3pso,2010-02-02
3lh7,15-DEC-10,3psn,2010-02-02
3li7,17-JUN-15,4zm8,2010-09-29
3lj4,10-DEC-14,4v4k,2011-04-20
3ljv,10-NOV-10,3p3q,2010-03-23
3ll6,01-JAN-14,4o38,2010-05-05
3llg,30-MAY-12,3vos,2011-02-23
3llj,09-MAR-11,3qgz,2010-04-14
3lna,15-DEC-10,3o8k,2010-04-07
3loh,24-FEB-16,4zxb,2010-04-28
3ltx,12-FEB-14,4n1y,2011-03-02
3lwy,02-JUN-10,3n2c,2010-03-16
3lxw,11-JAN-12,3v70,2010-03-09
3lyj,04-AUG-10,3al4,2010-07-21
3lzh,25-MAY-11,3r7z,2010-03-16
3m2o,18-JAN-12,3vcx,2010-04-14
3m2q,05-JAN-11,3q08,2010-04-28
3m2s,05-JAN-11,3q09,2010-04-28
3m5f,22-JUN-11,3s4l,2010-04-14
3m8t,19-JUL-17,5wcm,2011-01-12
3m9p,18-AUG-10,3oa6,2010-07-21
3ma4,08-SEP-10,3o3t,2010-06-09
3mbn,12-JUL-89,5mbn,1976-11-02
3mhn,03-OCT-12,4h71,2011-04-13
3mhq,03-OCT-12,4h5x,2011-04-13
3mim,07-MAR-18,5yrs,2011-04-13
3miq,25-AUG-10,3ogo,2010-06-09
3mjj,16-NOV-11,3tkk,2011-04-27
3mkx,21-JUL-10,3nwh,2010-05-05
3mnt,08-SEP-10,3o7w,2010-06-16
3mov,05-OCT-11,3tyy,2010-05-12
3mpe,20-DEC-17,5qby,2010-06-30
3mpf,20-DEC-17,5qbv,2010-06-30
3mq8,03-OCT-12,4h70,2011-04-27
3mqu,21-JUL-10,3nl9,2010-05-26
3mr4,03-AUG-11,3si8,2010-07-07
3mr8,10-DEC-14,4v7p,2010-07-14
3mrz,10-DEC-14,4v7p,2010-07-14
3ms0,10-DEC-14,4v7p,2010-07-14
3ms1,10-DEC-14,4v7p,2010-07-14
3msm,01-JUN-11,3s2o,2010-07-14
3mu9,15-JUN-11,3rt4,2010-06-23
3mub,22-JUN-11,3s46,2011-05-11
3mvo,25-JUL-18,6dhn,2011-05-04
3mvq,25-JUL-18,6dhl,2011-05-04
3mw9,25-JUL-18,6dhm,2010-06-16
3my3,15-SEP-10,3opg,2010-06-23
3mys,17-NOV-10,3ph7,2010-06-16
3n09,10-DEC-14,4v7q,2010-11-24
3n16,05-AUG-15,4uth,2010-09-22
3n22,07-MAR-12,4duq,2010-06-23
3n2f,28-JAN-15,4res,2011-06-08
3n3c,11-MAR-20,6v0t,2011-06-01
3n3n,31-AUG-16,5sxq,2010-06-16
3n3o,07-SEP-16,5sxr,2010-06-16
3n3p,07-SEP-16,5sxs,2010-06-16
3n3q,07-SEP-16,5sxt,2010-06-16
3n3r,07-SEP-16,5sxw,2010-06-16
3n3s,07-SEP-16,5sxx,2010-06-16
3n3v,20-FEB-13,4itr,2010-07-14
3n48,17-NOV-10,3pel,2010-06-02
3na3,12-NOV-14,4p7a,2010-08-04
3naj,11-JUL-12,4fqz,2011-06-08
3nfj,13-JUL-11,3nfn,2011-06-29
3nl4,31-OCT-12,4hbc,2011-07-20
3nl8,23-NOV-11,3ud6,2011-06-29
3nmy,29-JAN-14,4ixz,2011-06-29
3nni,20-JUL-11,3rjw,2010-07-07
3nnp,29-JAN-14,4ixs,2010-07-07
3npb,07-AUG-13,4kqy,2010-11-03
3nqq,26-JAN-11,3poc,2010-09-08
3nsa,01-SEP-10,3ohx,2010-08-04
3nsr,06-MAR-13,4e1v,2011-07-20
3nsv,01-DEC-10,2xyn,2010-07-28
3nuw,15-JUN-11,3r1x,2010-09-01
3nvb,27-JUL-11,3slr,2010-07-28
3nw0,03-MAY-17,5wy5,2010-10-13
3nxm,24-NOV-10,3pha,2010-07-28
3nyh,08-MAR-23,5zww,2010-10-20
3nzo,26-JAN-11,3pvz,2010-07-28
3nzy,02-MAR-11,3qbq,2010-11-24
3o2z,10-DEC-14,4v7r,2010-12-15
3o30,10-DEC-14,4v7r,2010-12-15
3o58,10-DEC-14,4v7r,2010-12-15
3o5h,10-DEC-14,4v7r,2010-12-15
3oae,18-OCT-17,5w1o,2010-11-17
3oaq,10-DEC-14,4v7s,2010-12-15
3oar,10-DEC-14,4v7s,2010-12-15
3oas,10-DEC-14,4v7s,2010-12-15
3oat,10-DEC-14,4v7s,2010-12-15
3obc,02-JUL-14,4qgp,2010-09-08
3obd,21-NOV-12,4h07,2011-10-19
3ock,21-NOV-12,4h0b,2011-10-12
3oe2,19-APR-17,5xb0,2011-09-21
3oeg,25-JAN-12,3vdi,2011-01-05
3ofa,10-DEC-14,4v7t,2010-10-20
3ofb,10-DEC-14,4v7t,2010-10-20
3ofc,10-DEC-14,4v7t,2010-10-20
3ofd,10-DEC-14,4v7t,2010-10-20
3ofl,12-DEC-18,5w1x,2010-10-13
3ofo,10-DEC-14,4v7u,2010-10-13
3ofp,10-DEC-14,4v7u,2010-10-13
3ofq,10-DEC-14,4v7u,2010-10-13
3ofr,10-DEC-14,4v7u,2010-10-13
3ofx,10-DEC-14,4v7v,2010-10-20
3ofy,10-DEC-14,4v7v,2010-10-20
3ofz,10-DEC-14,4v7v,2010-10-20
3og0,10-DEC-14,4v7v,2010-10-20
3oge,10-DEC-14,4v7w,2010-10-20
3ogw,20-OCT-21,7vin,2010-12-01
3ogy,10-DEC-14,4v7w,2010-10-20
3oh5,10-DEC-14,4v7w,2010-10-20
3oh7,10-DEC-14,4v7w,2010-10-20
3ohc,10-DEC-14,4v7x,2010-10-20
3ohd,10-DEC-14,4v7x,2010-10-20
3ohj,10-DEC-14,4v7x,2010-10-20
3ohk,10-DEC-14,4v7x,2010-10-20
3ohm,17-NOV-21,7sq2,2010-10-27
3ohy,10-DEC-14,4v7y,2010-10-20
3ohz,10-DEC-14,4v7y,2010-10-20
3oi0,10-DEC-14,4v7y,2010-10-20
3oi1,10-DEC-14,4v7y,2010-10-20
3oi2,10-DEC-14,4v7z,2010-10-20
3oi3,10-DEC-14,4v7z,2010-10-20
3oi4,10-DEC-14,4v7z,2010-10-20
3oi5,10-DEC-14,4v7z,2010-10-20
3ok7,09-MAR-11,3q1q,2010-12-01
3okb,09-MAR-11,3q1r,2010-12-01
3ol1,30-NOV-11,3uf1,2010-09-15
3or8,24-NOV-10,3pjp,2010-10-06
3or9,10-DEC-14,4v80,2010-10-06
3ora,10-DEC-14,4v80,2010-10-06
3orb,10-DEC-14,4v80,2010-10-06
3osc,17-DEC-14,4rv4,2010-10-13
3ota,02-MAR-11,3qmn,2010-09-29
3ou5,20-JUN-18,6dk3,2010-10-27
3ovc,12-OCT-11,3tyk,2010-11-17
3p0d,27-JUN-12,4fl4,2011-09-28
3p21,15-JUL-92,2q21,1990-04-15
3p25,27-MAR-13,4dz7,2011-10-19
3p29,27-MAR-13,4dz9,2011-10-19
3p3m,28-AUG-13,4m0l,2011-11-30
3p7e,11-JUL-12,4fs8,2011-10-12
3p8q,30-MAR-11,3qpr,2011-02-09
3p9d,10-DEC-14,4v81,2011-07-06
3p9e,10-DEC-14,4v81,2011-07-06
3pad,24-OCT-86,9pap,1977-04-12
3pap,12-APR-77,2pad,1977-04-12
3pex,18-MAY-11,3rrn,2011-03-23
3pez,18-MAY-11,3rrm,2011-03-23
3pkr,14-DEC-11,3usw,2011-11-16
3pl4,14-DEC-11,3usy,2011-11-16
3plo,05-DEC-12,3uj3,2011-11-23
3prq,10-DEC-14,4v82,2011-03-02
3prr,10-DEC-14,4v82,2011-03-02
3pti,18-JAN-83,4pti,1983-01-18
3ptp,16-JUL-88,4ptp,1978-03-27
3pv9,15-OCT-14,4wj0,2010-12-22
3px5,31-AUG-11,3r0k,2011-01-26
3pyn,10-DEC-14,4v83,2011-02-09
3pyo,10-DEC-14,4v83,2011-02-09
3pyq,10-DEC-14,4v83,2011-02-09
3pyr,10-DEC-14,4v83,2011-02-09
3pys,10-DEC-14,4v84,2011-02-09
3pyt,10-DEC-14,4v84,2011-02-09
3pyu,10-DEC-14,4v84,2011-02-09
3pyv,10-DEC-14,4v84,2011-02-09
3pzx,20-MAR-13,4jim,2011-12-07
3q6x,22-AUG-18,5zge,2011-05-18
3q97,30-AUG-17,5t1z,2012-01-11
3q9k,20-NOV-19,6l9e,2011-03-02
3q9m,03-MAY-17,5ucq,2012-02-08
3qad,25-MAY-11,3rzf,2011-04-06
3qb6,20-MAR-13,4jjk,2011-12-07
3qd1,26-DEC-12,4i8e,2011-08-03
3qhu,11-JUL-12,4fr0,2012-02-22
3qkf,09-APR-14,4k2s,2012-02-01
3ql6,25-DEC-19,6laq,2011-03-02
3qmu,25-JUL-18,6dhq,2011-08-03
3qnh,11-JUL-12,4fsd,2012-02-08
3qon,06-SEP-17,6amf,2011-03-16
3qos,24-FEB-16,5i1d,2011-06-08
3qot,24-FEB-16,5i18,2011-08-10
3qov,15-OCT-14,4r1x,2011-03-02
3qoz,16-APR-14,4ll3,2011-06-01
3qrz,13-MAR-13,4jdl,2012-02-22
3qtj,14-DEC-11,3uqh,2011-05-04
3qws,15-MAY-19,6on0,2012-02-29
3qzj,29-FEB-12,4dq3,2011-03-30
3qzk,29-FEB-12,4dq4,2011-03-30
3r0b,27-FEB-13,4izj,2012-03-21
3r14,06-FEB-13,4ipt,2011-05-25
3r39,23-MAY-12,4f3s,2011-04-06
3r4e,09-APR-14,4k1w,2011-03-30
3r5q,04-MAY-22,7ve3,2011-04-06
3r6z,28-DEC-11,3uzr,2011-04-13
3r70,01-FEB-12,4dca,2011-04-13
3r78,18-APR-12,4ej7,2011-04-13
3r7z,01-FEB-12,4dbx,2011-04-13
3r80,08-FEB-12,4de4,2011-04-13
3r81,08-FEB-12,4dfb,2011-04-13
3r82,25-JAN-12,3vcq,2011-12-28
3r8n,24-OCT-12,4gd1,2011-06-01
3r8o,24-OCT-12,4gd2,2011-06-01
3r8s,10-DEC-14,4v9d,2011-06-01
3r8t,10-DEC-14,4v9d,2011-06-01
3rbo,20-MAR-13,4jjz,2011-12-07
3rbp,17-OCT-12,4hhc,2012-04-04
3rca,09-MAY-12,3sr6,2012-04-04
3rcq,23-SEP-15,5apa,2011-05-04
3rd1,04-MAR-15,4y0v,2011-04-13
3rdl,02-NOV-11,3twy,2011-09-07
3rfo,23-JAN-13,4iqf,2011-04-20
3ri2,25-APR-12,4ejo,2011-04-27
3rjb,23-JAN-13,4iqi,2011-08-10
3rkt,02-MAR-16,3x3h,2012-06-20
3rlt,05-SEP-12,4fwb,2012-04-25
3rnp,16-JUL-97,4rnp,1997-07-07
3rp0,30-MAY-12,3u87,2011-06-08
3rqv,10-DEC-14,4v4m,2011-08-03
3rsa,21-OCT-82,4rsa,1982-10-21
3rtu,19-SEP-12,4guy,2012-07-04
3rvv,27-APR-22,5vpl,2012-01-11
3rvw,27-APR-22,5vpg,2012-01-11
3rvx,27-APR-22,5vph,2012-01-11
3rws,20-MAR-13,4jhg,2012-05-23
3rxn,15-JUL-91,7rxn,1980-10-21
3rzq,05-SEP-12,4ghm,2011-06-29
3s0l,04-JAN-12,3v6n,2011-07-13
3s0s,12-DEC-12,4i30,2012-05-30
3s4f,16-AUG-23,8k5m,2011-06-08
3s58,30-APR-14,4oi7,2012-05-30
3s59,30-APR-14,4oi8,2012-05-30
3s6n,02-MAY-18,5xjl,2011-08-17
3s80,08-MAR-17,4ltg,2012-05-30
3s89,15-OCT-14,4r1w,2011-08-10
3sbv,17-JUL-85,4sbv,1984-10-29
3sd1,19-MAR-14,4lvv,2011-09-21
3sfs,10-DEC-14,4v85,2012-01-11
3sgf,10-DEC-14,4v85,2012-01-11
3shh,24-OCT-12,4hch,2012-06-20
3sin,20-MAR-13,4jki,2011-12-07
3sjy,28-AUG-13,4m53,2012-07-04
3sm5,25-JAN-17,5ugy,2011-08-10
3smu,02-NOV-11,3u7x,2011-07-27
3snr,23-NOV-11,3uk0,2011-07-20
3sqa,22-FEB-12,3tb3,2011-08-03
3sqk,13-JUN-12,4f4j,2011-10-12
3t0n,30-MAY-12,4ey3,2011-08-03
3t18,09-MAY-12,4emy,2011-08-03
3t1z,24-OCT-12,4hjy,2012-07-25
3t21,24-OCT-12,4hjz,2012-07-25
3t23,23-NOV-11,3ukj,2011-08-03
3t2u,11-NOV-15,5d73,2012-08-01
3t3b,28-SEP-11,3tru,2011-08-17
3t4i,24-OCT-12,4hjv,2012-08-01
3t68,23-APR-14,4onw,2011-09-14
3t6h,17-MAY-17,5jva,2012-08-01
3t6m,23-APR-14,4op4,2011-09-14
3t75,19-OCT-11,3tyr,2011-08-24
3t76,12-OCT-11,3tys,2011-08-24
3tbx,01-JAN-14,4nsk,2012-08-08
3tkv,08-AUG-12,4e9l,2012-07-11
3tln,30-APR-94,8tln,1982-05-26
3tmi,18-NOV-15,5e3h,2011-09-21
3tn1,24-SEP-14,4ra8,2012-09-05
3tna,17-MAY-78,4tna,1978-05-17
3tnc,16-JUL-88,4tnc,1987-07-16
3tnk,30-SEP-15,5de9,2012-08-15
3tse,01-APR-15,4oex,2012-09-19
3tsf,01-APR-15,4oew,2012-09-19
3tsx,10-DEC-14,4v86,2011-10-05
3tt5,25-JAN-12,4dbk,2011-10-19
3tu2,24-OCT-12,4hcl,2012-09-19
3tum,17-APR-13,4k28,2012-09-19
3tun,30-APR-14,4mvx,2012-07-04
3tuw,23-MAY-18,5zgs,2011-10-19
3tve,10-DEC-14,4v87,2012-03-21
3tvf,10-DEC-14,4v87,2012-03-21
3tvg,10-DEC-14,4v87,2012-03-21
3tvh,10-DEC-14,4v87,2012-03-21
3tvs,26-SEP-12,4gu5,2011-11-23
3u03,11-SEP-19,6o5d,2011-11-16
3u1e,30-APR-14,4mvy,2012-10-03
3u1f,30-APR-14,4mw0,2012-10-03
3u1g,30-APR-14,4mw5,2012-10-03
3u1z,30-APR-14,4mvw,2012-10-03
3u20,30-APR-14,4mw1,2012-10-03
3u3c,17-SEP-14,4r32,2012-10-24
3u42,18-MAR-15,4reo,2012-10-31
3u5b,10-DEC-14,4v88,2011-12-21
3u5c,10-DEC-14,4v88,2011-12-21
3u5d,10-DEC-14,4v88,2011-12-21
3u5e,10-DEC-14,4v88,2011-12-21
3u5f,10-DEC-14,4v88,2011-12-21
3u5g,10-DEC-14,4v88,2011-12-21
3u5h,10-DEC-14,4v88,2011-12-21
3u5i,10-DEC-14,4v88,2011-12-21
3ua2,14-MAR-12,4dug,2012-02-22
3ubs,25-APR-12,4eou,2011-11-02
3ugn,09-MAY-12,4en0,2011-12-21
3uh9,23-JAN-13,4ir0,2012-01-18
3uks,23-JAN-13,4ir8,2011-11-23
3ulw,06-FEB-13,4iyl,2011-11-30
3uml,15-JUN-22,7xu8,2011-11-30
3umu,06-FEB-13,4gyf,2013-01-30
3unr,01-MAR-23,4yta,2012-06-27
3uoq,10-DEC-14,4v89,2012-01-11
3uos,10-DEC-14,4v89,2012-01-11
3uq1,11-JUL-12,4fo6,2012-05-23
3us7,23-APR-14,4q0k,2012-11-28
3usa,26-DEC-12,4i0p,2012-11-07
3uvz,28-MAR-12,4e4t,2011-12-14
3uwr,02-DEC-15,5ej2,2012-03-07
3uxq,10-DEC-14,4v8a,2012-01-25
3uxr,10-DEC-14,4v8a,2012-01-25
3uxs,10-DEC-14,4v8a,2012-01-25
3uxt,10-DEC-14,4v8a,2012-01-25
3uya,29-APR-15,3uyb,2013-01-16
3uyd,10-DEC-14,4v8b,2012-03-21
3uye,10-DEC-14,4v8b,2012-03-21
3uyf,10-DEC-14,4v8b,2012-03-21
3uyg,10-DEC-14,4v8b,2012-03-21
3uym,15-MAY-13,4k0u,2012-04-04
3uz1,10-DEC-14,4v8c,2012-03-21
3uz2,10-DEC-14,4v8c,2012-03-21
3uz3,10-DEC-14,4v8c,2012-03-21
3uz4,10-DEC-14,4v8c,2012-03-21
3uz6,10-DEC-14,4v8d,2012-03-21
3uz7,10-DEC-14,4v8d,2012-03-21
3uz8,10-DEC-14,4v8d,2012-03-21
3uz9,10-DEC-14,4v8d,2012-03-21
3uzf,10-DEC-14,4v8e,2012-03-21
3uzg,10-DEC-14,4v8e,2012-03-21
3uzh,10-DEC-14,4v8e,2012-03-21
3uzi,10-DEC-14,4v8e,2012-03-21
3uzk,10-DEC-14,4v8f,2012-03-21
3uzl,10-DEC-14,4v8f,2012-03-21
3uzm,10-DEC-14,4v8f,2012-03-21
3uzn,10-DEC-14,4v8f,2012-03-21
3v0y,09-JUL-14,4q4r,2012-01-25
3v22,10-DEC-14,4v8g,2012-05-23
3v23,10-DEC-14,4v8g,2012-05-23
3v24,10-DEC-14,4v8g,2012-05-23
3v25,10-DEC-14,4v8g,2012-05-23
3v26,10-DEC-14,4v8h,2012-05-23
3v27,10-DEC-14,4v8h,2012-05-23
3v28,10-DEC-14,4v8h,2012-05-23
3v29,10-DEC-14,4v8h,2012-05-23
3v2c,10-DEC-14,4v8i,2012-05-23
3v2d,10-DEC-14,4v8i,2012-05-23
3v2e,10-DEC-14,4v8i,2012-05-23
3v2f,10-DEC-14,4v8i,2012-05-23
3v63,06-FEB-13,4irm,2012-12-19
3v6u,10-DEC-14,4v8j,2013-04-24
3v6v,10-DEC-14,4v8j,2013-04-24
3v6w,10-DEC-14,4v8j,2013-04-24
3v6x,10-DEC-14,4v8j,2013-04-24
3v9q,04-DEC-13,4gq0,2013-02-13
3vcq,08-FEB-12,4dfu,2012-01-25
3vdo,22-JAN-14,4nqw,2013-04-10
3vfx,22-JUL-15,4r0f,2013-01-16
3vku,06-FEB-19,6j9s,2012-11-28
3vkv,06-FEB-19,6j9t,2011-12-21
3vpf,06-FEB-19,6j9u,2013-03-06
3vvj,24-JUL-19,6kga,2012-08-15
3vvq,12-JUN-13,3wbn,2013-04-03
3w14,19-JUL-17,5kqv,2013-01-09
3w3f,12-FEB-14,4w4r,2014-01-29
3w3h,12-FEB-14,4w4s,2014-01-29
3wbc,12-MAR-99,4wbc,1998-11-04
3wcx,28-OCT-20,7cne,2014-06-04
3wga,15-OCT-90,9wga,1986-05-07
3wh4,13-SEP-17,5y98,2013-10-02
3wj6,22-JUN-16,5b7v,2014-09-17
3wko,20-MAY-15,4zk8,2013-12-11
3wls,26-DEC-18,6mi1,2015-03-25
3wmn,10-DEC-14,4v8k,2014-04-09
3wmo,10-DEC-14,4v8k,2014-04-09
3wss,29-OCT-14,3x0d,2014-04-23
3wt8,26-AUG-15,5awz,2015-04-08
3wt9,26-AUG-15,5ax0,2015-04-08
3wta,26-AUG-15,5ax1,2015-04-08
3wwy,27-APR-22,6abi,2015-07-08
3wwz,27-APR-22,6abj,2015-07-08
3wxv,19-AUG-20,6ks0,2015-04-15
3wxw,19-AUG-20,6ks1,2015-04-15
3x0h,16-NOV-16,5b5s,2015-10-21
3x2d,01-MAR-17,5uqy,2015-02-25
3x3e,13-SEP-17,5xoy,2016-03-02
3xia,31-MAY-94,1xya,1990-01-15
3zd3,06-MAR-13,3zp8,2012-12-12
3zdk,18-FEB-15,5aho,2013-01-16
3zen,10-DEC-14,4v8l,2013-01-16
3zeq,10-DEC-14,4v8m,2013-02-13
3zex,10-DEC-14,4v8m,2013-02-13
3zey,10-DEC-14,4v8m,2013-02-13
3zf7,10-DEC-14,4v8m,2013-02-13
3zgr,17-JUL-13,4bvq,2013-05-22
3zgs,17-JUL-13,4bvr,2013-05-22
3zgt,17-JUL-13,4bvs,2013-05-22
3zgu,17-JUL-13,4bvt,2013-05-22
3zgw,08-MAY-13,4bl1,2013-01-16
3zj3,06-AUG-14,4p5h,2014-01-29
3zk3,13-MAY-15,5a1j,2013-04-03
3zn7,10-DEC-14,4v8n,2013-04-03
3zn9,10-DEC-14,4v8n,2013-04-03
3znd,10-DEC-14,4v8n,2013-04-03
3zne,10-DEC-14,4v8n,2013-04-03
3znw,21-MAY-14,4d2o,2014-01-08
3zvo,10-DEC-14,4v8o,2011-09-28
3zvp,10-DEC-14,4v8o,2011-09-28
3zz2,10-OCT-12,4bc6,2011-11-09
415d,26-AUG-03,1o55,1998-07-22
416d,26-AUG-03,1o56,1998-07-22
475d,20-JUL-01,1enn,1999-06-14
4a17,10-DEC-14,4v8p,2011-11-30
4a18,10-DEC-14,4v8p,2011-11-30
4a19,10-DEC-14,4v8p,2011-11-30
4a1a,10-DEC-14,4v8p,2011-11-30
4a1b,10-DEC-14,4v8p,2011-11-30
4a1c,10-DEC-14,4v8p,2011-11-30
4a1d,10-DEC-14,4v8p,2011-11-30
4a1e,10-DEC-14,4v8p,2011-11-30
4a1q,11-JAN-12,4aai,2011-09-28
4a3a,30-MAY-12,4atm,2011-10-12
4a74,14-JAN-15,4d6p,2012-11-21
4a7o,14-JAN-15,4uqo,2012-11-21
4a96,31-OCT-12,2yoe,2012-10-17
4a9p,11-APR-12,4alh,2012-02-08
4aa3,11-JUL-12,4ayw,2012-01-25
4abr,10-DEC-14,4v8q,2012-03-28
4abs,10-DEC-14,4v8q,2012-03-28
4acq,13-APR-22,6tav,2012-02-22
4adh,17-OCT-89,8adh,1979-09-11
4afo,12-JUN-13,4bqt,2012-05-02
4agx,02-APR-14,4bip,2012-07-04
4agy,02-APR-14,4biq,2012-07-04
4ah5,11-MAR-15,4d4u,2013-02-20
4ahb,30-JUL-14,4uq7,2013-02-20
4aol,10-DEC-14,4v8r,2013-03-20
4apk,10-DEC-14,4v8r,2013-03-20
4as6,20-FEB-13,3zll,2012-10-31
4asp,20-FEB-13,3zlk,2012-10-31
4atc,15-OCT-90,6at1,1985-01-02
4atr,05-JUN-13,4bl4,2012-10-10
4aus,18-JUN-14,4uon,2013-06-05
4awr,09-JAN-13,3zha,2012-08-15
4azx,06-NOV-13,4cct,2013-06-05
4b06,03-JUL-13,4bnc,2012-07-11
4b1o,10-DEC-14,4v8s,2012-08-08
4b1p,10-DEC-14,4v8s,2012-08-08
4b3y,10-DEC-14,4v8l,2013-01-16
4b4t,02-APR-14,4cr2,2012-09-05
4b6a,10-DEC-14,4v8t,2012-10-31
4b6b,10-DEC-14,4v8t,2012-10-31
4b8f,10-DEC-14,4v8u,2013-04-03
4b8g,10-DEC-14,4v8u,2013-04-03
4b8h,10-DEC-14,4v8u,2013-04-03
4b8i,10-DEC-14,4v8u,2013-04-03
4bgo,15-FEB-23,6sng,2013-04-10
4bgr,28-AUG-13,4c0v,2013-05-01
4bgt,05-FEB-14,4cl3,2013-04-24
4bhe,30-JUL-14,4uqv,2014-04-16
4bjd,10-DEC-14,4v8v,2013-06-19
4bje,10-DEC-14,4v8v,2013-06-19
4bjf,10-DEC-14,4v8w,2013-06-19
4bjg,10-DEC-14,4v8w,2013-06-19
4bki,15-JAN-14,4ckr,2013-08-28
4bno,08-OCT-14,4uoe,2014-05-28
4bp4,10-DEC-14,4bp7,2013-07-17
4bp5,10-DEC-14,4bp7,2013-07-17
4bp6,10-DEC-14,4bp7,2013-07-17
4bpe,10-DEC-14,4bts,2013-07-17
4bpn,10-DEC-14,4bts,2013-07-17
4bpo,10-DEC-14,4bts,2013-07-17
4bpp,10-DEC-14,4bts,2013-07-17
4btc,12-MAR-14,4cr1,2013-08-07
4btd,10-DEC-14,4v90,2013-08-07
4bv1,15-FEB-23,6gq8,2014-05-14
4bxa,03-FEB-16,5cqw,2014-07-30
4bxb,03-FEB-16,5cqu,2014-07-30
4byb,10-DEC-14,4v8x,2013-08-28
4byc,10-DEC-14,4v8x,2013-08-28
4byd,10-DEC-14,4v8x,2013-08-28
4bye,10-DEC-14,4v8x,2013-08-28
4byl,10-DEC-14,4v8y,2013-11-20
4byn,10-DEC-14,4v8y,2013-11-20
4byo,10-DEC-14,4v8y,2013-11-20
4byp,10-DEC-14,4v8y,2013-11-20
4byq,10-DEC-14,4v8y,2013-11-20
4byr,10-DEC-14,4v8y,2013-11-20
4bys,10-DEC-14,4v8y,2013-11-20
4byt,10-DEC-14,4v8z,2013-11-20
4byu,10-DEC-14,4v8z,2013-11-20
4byv,10-DEC-14,4v8z,2013-11-20
4byw,10-DEC-14,4v8z,2013-11-20
4byx,10-DEC-14,4v8z,2013-11-20
4c0v,02-APR-14,4cr4,2013-08-28
4cds,18-FEB-15,4ueu,2014-11-26
4cjy,04-JUN-14,4un0,2014-01-15
4cko,19-FEB-14,4cq1,2014-01-29
4cl4,17-JUN-15,5a2n,2014-02-26
4cl5,17-JUN-15,5a2o,2014-02-26
4cna,31-MAY-94,5cna,1992-07-15
4coa,30-APR-14,4cz1,2014-04-02
4cqt,25-MAR-15,5ajm,2014-05-28
4cr1,10-DEC-14,4v90,2014-03-12
4crr,02-MAR-16,5fui,2015-01-14
4cuv,10-DEC-14,4v91,2014-05-14
4cuw,10-DEC-14,4v91,2014-05-14
4cux,10-DEC-14,4v92,2014-05-14
4cuy,10-DEC-14,4v92,2014-05-14
4cwg,10-DEC-14,4ctf,2014-05-21
4cwh,10-DEC-14,4ctf,2014-05-21
4cwi,10-DEC-14,4ctf,2014-05-21
4cwj,10-DEC-14,4ctf,2014-05-21
4cwk,10-DEC-14,4ctf,2014-05-21
4cwl,10-DEC-14,4ctf,2014-05-21
4cwu,02-MAY-18,6cgv,2014-08-06
4cxb,10-DEC-14,4uje,2014-07-16
4cxc,10-DEC-14,4uje,2014-07-16
4cxd,10-DEC-14,4uje,2014-07-16
4cxe,10-DEC-14,4uje,2014-07-16
4cyt,12-JUL-89,5cyt,1980-09-16
4cyx,10-DEC-14,4v93,2014-05-21
4d0h,10-DEC-14,4v93,2014-05-21
4d0i,10-DEC-14,4v93,2014-05-21
4d0j,13-JUL-16,5ju6,2015-06-10
4d14,10-DEC-14,4ctg,2014-05-21
4d15,10-DEC-14,4ctg,2014-05-21
4d16,10-DEC-14,4ctg,2014-05-21
4d2a,10-DEC-14,4ctg,2014-05-21
4d8q,10-DEC-14,4v94,2012-05-23
4d8r,10-DEC-14,4v94,2012-05-23
4d93,24-JUL-13,4lnv,2012-10-31
4d95,01-FEB-12,4di8,2012-01-25
4d9a,01-FEB-12,4di9,2012-01-25
4d9d,01-FEB-12,4dia,2012-01-25
4dah,15-MAY-13,4jgp,2012-03-28
4dak,15-MAY-13,4jgq,2012-03-28
4dbi,15-MAY-13,4jgr,2012-03-28
4dbj,15-MAY-13,4jgo,2012-03-28
4dd4,12-OCT-16,5l3h,2012-04-25
4dd6,12-OCT-16,5l3i,2012-04-25
4dde,13-JUN-12,4f66,2012-02-29
4dgo,27-FEB-19,6qs5,2012-08-01
4dh9,10-DEC-14,4v95,2012-03-28
4dha,10-DEC-14,4v95,2012-03-28
4dhb,10-DEC-14,4v95,2012-03-28
4dhc,10-DEC-14,4v95,2012-03-28
4di7,19-JUN-13,4l4x,2013-02-13
4div,10-DEC-14,4v96,2012-05-30
4diw,10-DEC-14,4v96,2012-05-30
4dps,31-OCT-12,4h55,2012-08-22
4dx4,08-MAR-17,4e8s,2013-03-06
4e23,27-JUN-12,4f10,2012-04-11
4e25,27-JUN-12,4f13,2012-04-11
4e87,24-APR-13,4jd8,2013-03-20
4e8i,04-JUL-12,4fo1,2012-04-04
4e8j,05-NOV-14,4wh5,2012-04-04
4e8l,16-OCT-13,4myo,2012-04-04
4e9i,02-MAY-18,6d23,2012-04-18
4e9p,12-MAR-14,4ner,2013-05-01
4eaz,31-JAN-18,5z2q,2012-06-06
4ebh,30-JAN-13,4isx,2012-05-23
4ebt,19-AUG-15,5e0a,2012-04-11
4ef7,05-SEP-12,4gll,2012-04-18
4egb,08-NOV-17,6bi4,2012-04-18
4eho,26-SEP-12,4gw9,2012-08-08
4ei1,05-FEB-14,4ola,2012-05-02
4ei3,05-FEB-14,4olb,2012-05-02
4ej9,10-DEC-14,4v97,2013-04-24
4eja,10-DEC-14,4v97,2013-04-24
4ejb,10-DEC-14,4v97,2013-04-24
4ejc,10-DEC-14,4v97,2013-04-24
4eln,21-AUG-19,6kly,2013-04-17
4em5,02-MAY-18,6d24,2012-06-13
4emc,20-JUL-16,5ktb,2012-07-11
4eni,24-OCT-12,4h1p,2012-05-02
4eoa,04-DEC-13,4np5,2012-04-25
4epo,26-FEB-14,4orh,2012-05-23
4esl,16-JAN-13,4gp8,2012-05-02
4ev3,16-JAN-13,4gp5,2012-05-09
4ew8,23-APR-14,4q20,2012-06-13
4exu,08-APR-15,4yno,2012-12-19
4f05,16-JAN-13,4gp4,2012-05-16
4f4g,25-SEP-13,4mk4,2013-03-27
4f77,10-DEC-14,4v98,2013-02-27
4f7y,09-OCT-13,4mll,2013-08-14
4f9i,19-FEB-14,4nmb,2012-06-13
4fac,18-MAY-16,5e5h,2013-05-22
4fd1,31-OCT-93,5fd1,1988-07-16
4fdr,13-NOV-13,4mz5,2013-07-31
4fds,13-NOV-13,4mz6,2013-07-31
4ff0,06-FEB-13,4ix2,2012-06-13
4fg5,22-JUN-16,5ikx,2013-06-05
4fkf,31-OCT-12,4hol,2012-10-17
4fkn,31-OCT-12,4hom,2012-10-17
4fld,17-OCT-12,4hfg,2012-08-15
4fmy,24-JUN-15,5bu5,2013-10-02
4foh,24-JUN-15,5bvz,2013-12-11
4fpz,23-MAR-16,5ilx,2012-07-11
4ftp,27-APR-22,6lsc,2012-12-26
4fxg,01-MAR-23,5jpm,2012-08-22
4fxk,01-MAR-23,5jpn,2012-08-22
4fxn,12-MAR-97,2fox,1978-03-16
4fy1,10-DEC-14,4v99,2012-11-21
4fy2,10-DEC-14,4v99,2012-11-21
4fy3,10-DEC-14,4v99,2012-11-21
4fy4,10-DEC-14,4v99,2012-11-21
4fy5,10-DEC-14,4v99,2012-11-21
4fy6,10-DEC-14,4v99,2012-11-21
4fy7,10-DEC-14,4v99,2012-11-21
4fy8,10-DEC-14,4v99,2012-11-21
4fy9,10-DEC-14,4v99,2012-11-21
4fya,10-DEC-14,4v99,2012-11-21
4fyl,06-MAR-13,4hei,2012-08-15
4g1s,04-MAR-15,4p6a,2013-07-17
4g2x,12-AUG-15,5cso,2012-08-08
4g3l,29-MAY-13,4kc0,2013-03-13
4g4a,12-OCT-16,5hll,2012-11-07
4g4d,29-MAY-13,4kby,2013-03-13
4g5k,10-DEC-14,4v9a,2013-02-20
4g5l,10-DEC-14,4v9a,2013-02-20
4g5m,10-DEC-14,4v9a,2013-02-20
4g5n,10-DEC-14,4v9a,2013-02-20
4g5t,10-DEC-14,4v9b,2013-02-20
4g5u,10-DEC-14,4v9b,2013-02-20
4g5v,10-DEC-14,4v9b,2013-02-20
4g5w,10-DEC-14,4v9b,2013-02-20
4g60,23-DEC-15,5f24,2013-07-24
4g62,23-DEC-15,5eyg,2013-07-24
4g64,23-DEC-15,5eyh,2013-07-24
4g9u,30-DEC-15,5by6,2013-07-24
4gaq,10-DEC-14,4v9c,2012-08-29
4gar,10-DEC-14,4v9c,2012-08-29
4gas,10-DEC-14,4v9c,2012-08-29
4gau,10-DEC-14,4v9c,2012-08-29
4gb4,31-OCT-12,4hn2,2012-10-17
4gbo,27-APR-22,5uiz,2014-03-12
4gd1,10-DEC-14,4v9d,2012-10-24
4gd2,10-DEC-14,4v9d,2012-10-24
4gdc,31-MAY-17,5vwt,2012-10-17
4gdd,31-MAY-17,5vwu,2012-10-17
4gdg,22-JAN-14,4o7i,2013-07-31
4gdh,06-AUG-14,4qyt,2012-08-15
4gdt,26-MAR-14,4pvp,2012-08-15
4gdu,26-MAR-14,4pvq,2012-08-15
4gdv,26-MAR-14,4pvr,2012-08-15
4gdw,26-MAR-14,4pvs,2012-08-15
4gef,29-MAY-13,4kq6,2012-08-22
4gge,08-OCT-14,4qef,2013-08-21
4ggi,08-MAY-13,4j6e,2012-10-03
4gn6,04-MAY-22,6m7e,2012-09-19
4gns,11-MAR-15,4yg8,2012-10-17
4gor,04-SEP-13,4ki2,2012-09-19
4gse,18-DEC-13,4ifh,2013-08-28
4gwh,04-JUN-14,4qfw,2012-10-24
4h0q,15-OCT-14,4rfp,2012-09-19
4h1k,03-APR-13,4jlq,2013-01-02
4h28,02-APR-14,4jy3,2013-09-18
4h4h,19-DEC-12,4i51,2012-11-07
4h5h,25-DEC-13,4nz8,2012-10-24
4h6f,10-DEC-14,4v9e,2012-11-07
4h6g,10-DEC-14,4v9e,2012-11-07
4h70,10-OCT-12,4hco,2012-10-03
4h8t,03-JUL-13,4l5h,2012-10-31
4hen,10-DEC-14,4r2x,2013-10-30
4her,10-DEC-14,4r2w,2013-10-16
4hfy,05-NOV-14,4rn6,2013-03-13
4hg1,23-JAN-13,4iqn,2012-10-24
4hh7,30-JUL-14,4pm3,2014-04-23
4hhc,27-FEB-13,4izk,2012-10-17
4hlo,05-MAR-14,4osx,2013-05-08
4hlp,05-MAR-14,4osy,2013-05-08
4hlv,06-AUG-14,4qne,2012-10-31
4hol,04-DEC-13,4naq,2012-10-31
4hqw,26-JUL-17,5oeh,2013-02-27
4hru,26-JUL-17,5oeg,2013-02-27
4hrz,18-MAY-16,5iw9,2013-10-30
4hsy,06-AUG-14,3woh,2013-11-06
4hub,10-DEC-14,4v9f,2013-05-29
4hxh,10-JUL-13,4l8r,2013-01-30
4i0v,28-AUG-13,4max,2012-11-28
4i1x,03-SEP-14,4r2v,2013-11-27
4i4a,02-OCT-13,4mv2,2012-12-05
4i4d,29-JAN-14,4neo,2012-12-12
4i4m,10-DEC-14,4v9f,2013-05-29
4i7g,15-MAY-13,4kfb,2013-02-06
4i8e,13-APR-16,5iuc,2012-12-26
4igc,18-MAR-15,4yg2,2013-02-06
4igz,02-AUG-17,5vei,2013-03-27
4ii6,11-FEB-15,4wvd,2013-06-12
4ing,06-AUG-14,4qrn,2013-01-16
4inm,10-DEC-14,4x23,2013-06-12
4ioe,13-FEB-13,4j10,2013-01-16
4iog,13-FEB-13,4j11,2013-01-16
4ioz,15-JAN-14,4o9b,2013-10-09
4iqq,01-MAR-23,5noo,2014-01-22
4iw5,22-MAY-13,4knz,2013-02-20
4iy3,15-JUL-20,6rs2,2014-03-05
4izr,15-FEB-17,5lfs,2014-12-24
4j05,17-NOV-21,7sp5,2013-04-03
4j13,06-AUG-14,4qxd,2014-02-05
4jc9,10-DEC-14,4v9g,2013-10-30
4jcb,10-DEC-14,4v9g,2013-10-30
4jdf,01-MAR-23,7oyz,2013-07-10
4je2,04-JUN-14,4qag,2014-03-05
4jhf,10-DEC-14,4wyv,2014-05-14
4jni,03-OCT-18,5yc6,2014-03-19
4jnl,03-OCT-18,5yc7,2014-03-19
4jnp,17-SEP-14,4r85,2014-03-19
4jnr,17-SEP-14,4r88,2014-03-19
4jns,17-SEP-14,4r7w,2014-03-19
4juw,10-DEC-14,4v9h,2013-06-26
4jux,10-DEC-14,4v9h,2013-06-26
4jxd,10-JUN-15,4tn5,2014-05-07
4jxo,18-SEP-13,4mj2,2013-04-17
4jxp,18-SEP-13,4mj4,2013-04-17
4jyr,24-JUN-15,4pnh,2014-05-21
4k0f,13-JAN-16,5eqb,2014-01-29
4k0l,10-DEC-14,4v9i,2013-07-03
4k0m,10-DEC-14,4v9i,2013-07-03
4k0p,10-DEC-14,4v9i,2013-07-03
4k0q,10-DEC-14,4v9i,2013-07-03
4k1m,02-DEC-15,4yrv,2013-04-17
4k2w,15-APR-15,4yet,2013-05-08
4k3t,19-AUG-15,5awv,2013-05-29
4k4l,06-NOV-13,4ncz,2013-04-24
4k4m,04-JUN-14,4qex,2013-06-12
4k6p,12-AUG-15,5cst,2013-05-01
4k6q,05-AUG-15,4zuo,2013-05-01
4k6s,05-AUG-15,4zz6,2013-05-01
4ka5,07-SEP-16,5syh,2014-03-19
4ka6,07-SEP-16,5syi,2014-03-19
4kbt,10-DEC-14,4v9j,2013-07-03
4kbu,10-DEC-14,4v9j,2013-07-03
4kbv,10-DEC-14,4v9j,2013-07-03
4kbw,10-DEC-14,4v9j,2013-07-03
4kcy,10-DEC-14,4v9k,2013-07-03
4kcz,10-DEC-14,4v9k,2013-07-03
4kd0,10-DEC-14,4v9k,2013-07-03
4kd2,10-DEC-14,4v9k,2013-07-03
4kd8,10-DEC-14,4v9l,2013-07-03
4kd9,10-DEC-14,4v9l,2013-07-03
4kda,10-DEC-14,4v9l,2013-07-03
4kdb,10-DEC-14,4v9l,2013-07-03
4kdg,10-DEC-14,4v9m,2013-07-03
4kdh,10-DEC-14,4v9m,2013-07-03
4kdj,10-DEC-14,4v9m,2013-07-03
4kdk,10-DEC-14,4v9m,2013-07-03
4keo,31-JUL-13,4lrh,2013-07-17
4kfh,10-DEC-14,4v9n,2013-07-03
4kfi,10-DEC-14,4v9n,2013-07-03
4kfk,10-DEC-14,4v9n,2013-07-03
4kfl,10-DEC-14,4v9n,2013-07-03
4kg1,24-MAY-17,5h5o,2013-11-27
4kih,28-OCT-15,4xwl,2014-05-07
4kix,10-DEC-14,4v9o,2013-07-17
4kiy,10-DEC-14,4v9o,2013-07-17
4kiz,10-DEC-14,4v9o,2013-07-17
4kj0,10-DEC-14,4v9o,2013-07-17
4kj1,10-DEC-14,4v9o,2013-07-17
4kj2,10-DEC-14,4v9o,2013-07-17
4kj3,10-DEC-14,4v9o,2013-07-17
4kj4,10-DEC-14,4v9o,2013-07-17
4kj5,10-DEC-14,4v9p,2013-07-17
4kj6,10-DEC-14,4v9p,2013-07-17
4kj7,10-DEC-14,4v9p,2013-07-17
4kj8,10-DEC-14,4v9p,2013-07-17
4kj9,10-DEC-14,4v9p,2013-07-17
4kja,10-DEC-14,4v9p,2013-07-17
4kjb,10-DEC-14,4v9p,2013-07-17
4kjc,10-DEC-14,4v9p,2013-07-17
4kje,09-OCT-13,4mzb,2013-09-25
4kjf,09-OCT-13,4mzc,2013-09-25
4kjh,05-AUG-15,4zt8,2013-05-22
4kkf,28-OCT-15,4xwm,2014-05-14
4kkk,28-OCT-15,4xwn,2014-05-07
4kkz,03-APR-19,6hwr,2014-05-21
4klp,04-SEP-13,4lvs,2013-07-17
4knz,30-JAN-19,6nnr,2013-05-22
4kp9,12-SEP-18,6h8t,2014-06-25
4ku9,10-DEC-14,4rsr,2014-05-21
4kwq,21-SEP-16,5syj,2014-05-07
4kwz,10-DEC-14,1vvj,2014-08-06
4kx0,10-DEC-14,1vvj,2014-08-06
4kx1,10-DEC-14,1vvj,2014-08-06
4kx2,10-DEC-14,1vvj,2014-08-06
4kyu,27-APR-22,5x4b,2014-06-04
4l0h,06-AUG-14,4txt,2014-04-30
4l3m,05-NOV-14,4qp0,2014-06-11
4l3w,09-OCT-19,6a0w,2014-12-10
4l5p,13-NOV-13,4ng3,2013-06-26
4l6j,10-DEC-14,4v9q,2013-07-31
4l6k,10-DEC-14,4v9q,2013-07-31
4l6l,10-DEC-14,4v9q,2013-07-31
4l6m,10-DEC-14,4v9q,2013-07-31
4ldh,12-JUL-89,6ldh,1977-05-03
4leg,20-APR-16,5j94,2014-02-12
4lhg,09-SEP-15,5dbh,2014-07-02
4ljj,09-FEB-22,7wcs,2013-07-24
4llz,26-FEB-14,4oty,2013-10-16
4lne,25-MAY-16,5k0s,2013-08-07
4lpr,29-JAN-96,1gbl,1993-01-15
4lq7,08-OCT-14,4lyu,2014-08-06
4lqn,12-DEC-18,6i36,2014-07-23
4lu2,27-JUL-16,5kx4,2015-02-04
4lu7,01-JAN-14,4nyo,2013-08-07
4lu8,01-JAN-14,4nyp,2013-08-07
4lwr,13-SEP-17,5y9a,2013-08-14
4lxe,29-JAN-14,4man,2013-08-14
4m3a,05-AUG-15,5awm,2014-08-06
4m6z,11-FEB-15,4xvx,2014-09-03
4med,17-MAR-21,6kzi,2014-02-26
4mh9,10-JUN-15,4zu6,2014-09-03
4mii,10-JUN-15,4zu8,2014-09-03
4mil,10-JUN-15,4zu1,2014-09-03
4mlu,12-NOV-14,4o6w,2013-10-30
4mqn,23-APR-14,4cxq,2014-03-05
4mqo,23-APR-14,4cxr,2014-03-05
4mvp,21-SEP-16,5syk,2014-08-06
4mwk,18-MAY-16,5hmv,2014-09-03
4mwm,18-MAY-16,5hq1,2014-08-13
4mwn,18-MAY-16,5i5q,2014-08-13
4mx4,12-OCT-16,5eoe,2014-10-01
4mxb,12-OCT-16,5eph,2014-10-01
4mxg,12-OCT-16,5eoo,2014-10-01
4mxh,12-OCT-16,5eua,2014-10-15
4mxs,23-JUL-14,4qm1,2014-06-11
4myi,04-NOV-15,5dyl,2014-07-02
4myj,04-NOV-15,5dyk,2014-07-02
4n1v,08-MAR-23,5cvx,2014-11-12
4n3l,13-DEC-17,6eo8,2013-10-30
4n46,07-OCT-15,4xl4,2014-10-08
4n5w,03-SEP-14,4uab,2013-10-30
4n6i,13-MAY-15,4xyn,2014-12-10
4n7a,22-JAN-20,6lf7,2013-11-06
4ni4,02-JUL-14,4qn2,2013-11-13
4njx,29-APR-20,6yi0,2013-12-11
4njy,29-APR-20,6ypr,2013-12-11
4njz,29-APR-20,6ypx,2013-12-11
4nk0,29-APR-20,6yqd,2013-12-11
4npg,23-APR-14,4q1z,2014-03-19
4nq7,12-JUL-17,5w8w,2014-11-26
4nsf,31-DEC-14,4xan,2014-10-15
4nt3,04-DEC-19,6lco,2013-12-25
4nvu,10-DEC-14,4v9r,2014-04-02
4nvv,10-DEC-14,4v9r,2014-04-02
4nvw,10-DEC-14,4v9r,2014-04-02
4nvx,10-DEC-14,4v9r,2014-04-02
4nvy,10-DEC-14,4v9s,2014-04-02
4nvz,10-DEC-14,4v9s,2014-04-02
4nw0,10-DEC-14,4v9s,2014-04-02
4nw1,10-DEC-14,4v9s,2014-04-02
4nx3,17-DEC-14,4web,2014-02-26
4nys,02-DEC-15,5epq,2014-01-01
4nze,13-DEC-17,6eo9,2014-01-15
4nzx,27-JAN-16,4rzn,2014-12-24
4o73,19-MAR-14,4ps5,2014-03-05
4oa2,24-AUG-16,5lpz,2014-02-05
4oa6,24-AUG-16,5lpw,2014-02-05
4oa9,31-AUG-16,5lpv,2014-02-05
4oab,24-AUG-16,5lpy,2014-02-05
4oac,31-AUG-16,5lpb,2014-02-05
4oe8,01-FEB-17,5mj3,2014-11-05
4oeq,01-APR-15,4yyx,2015-01-14
4og9,01-FEB-17,5mj4,2014-11-05
4oj7,21-MAR-18,6cnz,2014-03-05
4ojy,01-MAR-23,5dfa,2015-02-04
4om6,06-AUG-14,4pay,2014-03-05
4onb,17-SEP-14,4r5q,2014-04-30
4orj,09-NOV-16,5hlk,2015-02-11
4otw,21-AUG-19,6op9,2014-04-02
4ow9,26-OCT-16,5m1y,2014-09-24
4oxe,18-MAY-16,5idd,2014-10-15
4oxj,30-DEC-15,5f0d,2015-03-04
4oyg,20-APR-16,5cfy,2014-06-18
4oz4,01-MAR-23,5mx3,2015-01-21
4p2w,02-JUL-14,4trl,2014-05-14
4p41,06-AUG-14,4tth,2014-04-30
4p63,02-SEP-20,7cmc,2015-05-06
4p6v,12-JUL-23,8acy,2014-12-03
4p7p,09-AUG-17,5i0k,2015-06-10
4p95,01-MAR-23,6gyv,2014-05-28
4pa2,09-NOV-16,5gt4,2015-04-08
4pap,12-APR-77,3pad,1977-04-12
4pe9,10-DEC-14,4u1u,2014-07-30
4pea,10-DEC-14,4u1u,2014-07-30
4peb,10-DEC-14,4u1u,2014-07-30
4pec,10-DEC-14,4u1u,2014-07-30
4pen,12-AUG-15,5cwa,2015-05-20
4pi4,11-MAR-15,4xui,2014-11-12
4pox,01-MAR-23,5ovz,2014-10-22
4pp1,27-APR-22,5vcn,2015-04-08
4pp2,27-APR-22,5vco,2015-04-08
4ppw,25-MAY-16,5k0t,2014-03-12
4prc,13-MAR-07,2jbl,1998-11-11
4ps9,06-SEP-17,5gt6,2015-03-11
4psz,15-OCT-14,4rgc,2014-05-14
4pt0,06-SEP-17,5gtk,2015-03-11
4pt3,06-SEP-17,5gtl,2015-03-11
4ptp,07-JUL-97,5ptp,1988-07-16
4pwr,30-MAR-16,5hoq,2014-06-11
4q54,04-NOV-15,4rvy,2014-07-16
4q55,06-AUG-14,4qt4,2014-05-14
4q5z,18-APR-18,5wob,2015-05-06
4q61,27-MAY-15,4zgl,2014-05-14
4q8j,28-JAN-15,4xr7,2014-06-04
4qbd,06-JUN-18,5w1a,2014-06-11
4qcm,10-DEC-14,1vy4,2014-08-20
4qcn,10-DEC-14,1vy4,2014-08-20
4qco,10-DEC-14,1vy4,2014-08-20
4qcp,10-DEC-14,1vy4,2014-08-20
4qcq,10-DEC-14,1vy5,2014-08-20
4qcr,10-DEC-14,1vy5,2014-08-20
4qcs,10-DEC-14,1vy5,2014-08-20
4qct,10-DEC-14,1vy5,2014-08-20
4qcu,10-DEC-14,1vy6,2014-08-20
4qcv,10-DEC-14,1vy6,2014-08-20
4qcw,10-DEC-14,1vy6,2014-08-20
4qcx,10-DEC-14,1vy6,2014-08-20
4qcy,10-DEC-14,1vy7,2014-08-20
4qcz,10-DEC-14,1vy7,2014-08-20
4qd0,10-DEC-14,1vy7,2014-08-20
4qd1,10-DEC-14,1vy7,2014-08-20
4qe6,01-MAR-23,6hl1,2015-08-12
4qea,06-MAY-15,4zg5,2014-06-11
4qej,18-OCT-17,5w4x,2014-06-11
4qgj,12-AUG-15,5cst,2014-06-11
4qjs,10-DEC-14,4w2e,2014-10-01
4qjt,10-DEC-14,4w2e,2014-10-01
4ql4,02-AUG-17,5xw3,2014-08-20
4qld,13-MAY-15,4ral,2014-06-25
4qno,15-MAY-19,5zt2,2015-07-01
4qqm,03-OCT-18,6mew,2014-08-06
4qs0,10-DEC-14,4w29,2014-10-01
4qs1,10-DEC-14,4w29,2014-10-01
4qs2,10-DEC-14,4w29,2014-10-01
4qs3,10-DEC-14,4w29,2014-10-01
4qwv,10-APR-24,8q52,2016-01-27
4qyc,07-OCT-15,5dzl,2014-11-12
4qzj,07-SEP-16,5syl,2015-07-29
4qzk,14-SEP-16,5syu,2015-08-19
4qzl,14-SEP-16,5syv,2015-08-19
4qzn,14-SEP-16,5syw,2015-08-19
4qzo,14-SEP-16,5syy,2015-08-19
4qzp,14-SEP-16,5syx,2015-08-19
4r1w,18-MAR-15,4rvo,2014-10-01
4r1x,18-MAR-15,4rvn,2014-10-15
4r2v,29-AUG-18,5hbg,2014-09-03
4r3x,03-FEB-16,5ayy,2015-04-01
4r3y,03-FEB-16,5ayz,2015-04-01
4rb5,10-DEC-14,4w2f,2014-10-15
4rb6,10-DEC-14,4w2f,2014-10-15
4rb7,10-DEC-14,4w2f,2014-10-15
4rb8,10-DEC-14,4w2f,2014-10-15
4rb9,10-DEC-14,4w2g,2014-10-15
4rba,10-DEC-14,4w2g,2014-10-15
4rbb,10-DEC-14,4w2g,2014-10-15
4rbc,10-DEC-14,4w2g,2014-10-15
4rbd,10-DEC-14,4w2h,2014-10-15
4rbe,10-DEC-14,4w2h,2014-10-15
4rbf,10-DEC-14,4w2h,2014-10-15
4rbg,10-DEC-14,4w2h,2014-10-15
4rbh,10-DEC-14,4w2i,2014-10-15
4rbi,10-DEC-14,4w2i,2014-10-15
4rbj,10-DEC-14,4w2i,2014-10-15
4rbk,10-DEC-14,4w2i,2014-10-15
4rk3,07-MAR-18,6chk,2014-11-05
4rmx,17-JUL-19,6e0v,2015-11-18
4rnb,14-JAN-15,4s0v,2014-12-24
4ro6,09-SEP-15,5d7z,2014-11-19
4roh,14-OCT-15,5cq2,2014-12-10
4roi,14-OCT-15,5dzd,2014-12-10
4roq,27-APR-22,5ugr,2014-12-17
4ror,27-APR-22,5ulv,2014-12-17
4rpw,19-SEP-18,6baf,2016-05-11
4rre,14-OCT-15,5dws,2014-12-24
4rsa,17-JUL-85,5rsa,1982-10-21
4rsb,01-JUN-16,5k5q,2015-09-16
4rsf,15-JUN-16,5k5a,2015-09-16
4ru7,13-JAN-16,5k1y,2015-09-16
4ru8,22-JUN-16,5k5z,2015-09-23
4rxk,03-JUN-15,4zwv,2015-03-04
4ryh,07-OCT-15,5del,2015-05-13
4rzn,30-AUG-17,5gun,2016-01-27
4rzu,01-FEB-23,5h70,2015-12-30
4s06,31-JAN-18,5wsi,2015-03-11
4s0y,27-JUL-16,5gls,2015-01-21
4s19,28-DEC-16,5wsj,2015-02-11
4tl2,13-MAY-15,4zdn,2014-06-11
4tlo,06-MAY-15,4qhr,2014-09-24
4tly,05-OCT-16,5kn1,2015-12-23
4tol,10-DEC-14,4u1v,2014-07-30
4tom,10-DEC-14,4u1v,2014-07-30
4ton,10-DEC-14,4u1v,2014-07-30
4too,10-DEC-14,4u1v,2014-07-30
4tou,10-DEC-14,4u20,2014-07-30
4tov,10-DEC-14,4u20,2014-07-30
4tow,10-DEC-14,4u20,2014-07-30
4tox,10-DEC-14,4u20,2014-07-30
4tp0,10-DEC-14,4u24,2014-07-30
4tp1,10-DEC-14,4u24,2014-07-30
4tp2,10-DEC-14,4u24,2014-07-30
4tp3,10-DEC-14,4u24,2014-07-30
4tp4,10-DEC-14,4u25,2014-07-30
4tp5,10-DEC-14,4u25,2014-07-30
4tp6,10-DEC-14,4u25,2014-07-30
4tp7,10-DEC-14,4u25,2014-07-30
4tp8,10-DEC-14,4u26,2014-07-30
4tp9,10-DEC-14,4u26,2014-07-30
4tpa,10-DEC-14,4u26,2014-07-30
4tpb,10-DEC-14,4u26,2014-07-30
4tpc,10-DEC-14,4u27,2014-07-30
4tpd,10-DEC-14,4u27,2014-07-30
4tpe,10-DEC-14,4u27,2014-07-30
4tpf,10-DEC-14,4u27,2014-07-30
4tsu,10-JUN-03,1oh0,1998-12-30
4tsw,07-MAY-99,5tsw,1998-12-30
4twx,18-FEB-15,4wy3,2015-02-11
4u29,11-MAR-15,4yir,2015-03-04
4u3k,24-JAN-18,5my3,2015-07-29
4u4k,13-APR-16,8e1a,2015-07-29
4u9t,15-OCT-14,4wjw,2014-09-10
4ud3,05-AUG-15,5aam,2015-07-29
4udz,30-SEP-15,5aaw,2015-07-29
4uef,15-FEB-23,6i6z,2016-01-20
4ues,17-FEB-16,5fta,2015-11-04
4uf4,15-FEB-23,5om9,2016-01-20
4ug4,15-FEB-23,6fny,2016-04-13
4ujf,10-DEC-14,4u51,2014-10-22
4ujg,10-DEC-14,4u51,2014-10-22
4ujh,10-DEC-14,4u51,2014-10-22
4uji,10-DEC-14,4u51,2014-10-22
4ujj,10-DEC-14,4u51,2014-10-22
4ujk,10-DEC-14,4u4u,2014-10-22
4ujl,10-DEC-14,4u4u,2014-10-22
4ujm,10-DEC-14,4u4u,2014-10-22
4ujn,10-DEC-14,4u4u,2014-10-22
4ujo,10-DEC-14,4u4u,2014-10-22
4ujp,10-DEC-14,4u4r,2014-10-22
4ujq,10-DEC-14,4u4r,2014-10-22
4ujr,10-DEC-14,4u4r,2014-10-22
4ujs,10-DEC-14,4u4r,2014-10-22
4ujt,10-DEC-14,4u4r,2014-10-22
4uju,10-DEC-14,4u6f,2014-10-22
4ujv,10-DEC-14,4u6f,2014-10-22
4ujw,10-DEC-14,4u6f,2014-10-22
4ujx,10-DEC-14,4u6f,2014-10-22
4ujy,10-DEC-14,4u6f,2014-10-22
4ujz,10-DEC-14,4u3m,2014-10-22
4uk0,10-DEC-14,4u3m,2014-10-22
4uk1,10-DEC-14,4u3m,2014-10-22
4uk2,10-DEC-14,4u3m,2014-10-22
4uk3,10-DEC-14,4u3m,2014-10-22
4uk4,10-DEC-14,4u3n,2014-10-22
4uk5,10-DEC-14,4u3n,2014-10-22
4uk6,10-DEC-14,4u3n,2014-10-22
4uk7,10-DEC-14,4u3n,2014-10-22
4uk8,10-DEC-14,4u3n,2014-10-22
4uk9,10-DEC-14,4u3u,2014-10-22
4uka,10-DEC-14,4u3u,2014-10-22
4ukb,10-DEC-14,4u3u,2014-10-22
4ukc,10-DEC-14,4u3u,2014-10-22
4uke,10-DEC-14,4u3u,2014-10-22
4ukf,10-DEC-14,4u56,2014-10-22
4ukg,10-DEC-14,4u56,2014-10-22
4ukh,10-DEC-14,4u56,2014-10-22
4uki,10-DEC-14,4u56,2014-10-22
4ukj,10-DEC-14,4u56,2014-10-22
4ukk,10-DEC-14,4u55,2014-10-22
4ukl,10-DEC-14,4u55,2014-10-22
4ukm,10-DEC-14,4u55,2014-10-22
4ukn,10-DEC-14,4u55,2014-10-22
4uko,10-DEC-14,4u55,2014-10-22
4ukp,10-DEC-14,4u53,2014-10-22
4ukq,10-DEC-14,4u53,2014-10-22
4ukr,10-DEC-14,4u53,2014-10-22
4uks,10-DEC-14,4u53,2014-10-22
4ukt,10-DEC-14,4u53,2014-10-22
4uku,10-DEC-14,4u4n,2014-10-22
4ukv,10-DEC-14,4u4n,2014-10-22
4ukw,10-DEC-14,4u4n,2014-10-22
4ukx,10-DEC-14,4u4n,2014-10-22
4uky,10-DEC-14,4u4n,2014-10-22
4ukz,10-DEC-14,4u4o,2014-10-22
4ul0,10-DEC-14,4u4o,2014-10-22
4ul1,10-DEC-14,4u4o,2014-10-22
4ul2,10-DEC-14,4u4o,2014-10-22
4ul3,10-DEC-14,4u4o,2014-10-22
4ul4,10-DEC-14,4u4q,2014-10-22
4ul5,10-DEC-14,4u4q,2014-10-22
4ul6,10-DEC-14,4u4q,2014-10-22
4ul7,10-DEC-14,4u4q,2014-10-22
4ul8,10-DEC-14,4u4q,2014-10-22
4ul9,10-DEC-14,4u52,2014-10-22
4ula,10-DEC-14,4u52,2014-10-22
4ulb,10-DEC-14,4u52,2014-10-22
4ulc,10-DEC-14,4u52,2014-10-22
4uld,10-DEC-14,4u52,2014-10-22
4ule,10-DEC-14,4u4y,2014-10-22
4ulf,10-DEC-14,4u4y,2014-10-22
4ulg,10-DEC-14,4u4y,2014-10-22
4ulh,10-DEC-14,4u4y,2014-10-22
4uli,10-DEC-14,4u4y,2014-10-22
4ulj,10-DEC-14,4u4z,2014-10-22
4ulk,10-DEC-14,4u4z,2014-10-22
4ulm,10-DEC-14,4u4z,2014-10-22
4uln,10-DEC-14,4u4z,2014-10-22
4ulo,10-DEC-14,4u4z,2014-10-22
4ulp,10-DEC-14,4u50,2014-10-22
4ulq,10-DEC-14,4u50,2014-10-22
4ulr,10-DEC-14,4u50,2014-10-22
4uls,10-DEC-14,4u50,2014-10-22
4ult,10-DEC-14,4u50,2014-10-22
4uol,28-JUN-17,5vyj,2015-06-24
4upc,28-DEC-16,5a63,2014-06-25
4upw,10-DEC-14,4ujd,2014-07-30
4upx,10-DEC-14,4ujd,2014-07-30
4upy,10-DEC-14,4ujd,2014-07-30
4upz,10-DEC-14,4ujc,2014-07-30
4uq0,10-DEC-14,4ujc,2014-07-30
4uq1,10-DEC-14,4ujc,2014-07-30
4uq4,10-DEC-14,4ujc,2014-07-30
4uq5,10-DEC-14,4ujd,2014-07-30
4uq7,11-MAR-15,4d52,2014-07-30
4ur5,23-MAR-16,5hwj,2014-12-17
4utd,27-JUN-18,6cpf,2015-08-05
4uwz,18-MAR-15,5am6,2015-02-25
4ux0,18-MAR-15,5am7,2015-02-25
4uyc,18-MAR-15,5afp,2014-12-03
4v1c,23-JAN-19,6iso,2014-11-12
4v5u,21-JAN-15,4wzj,2014-07-09
4v80,24-DEC-14,4www,2014-07-09
4w1z,10-DEC-14,3j7o,2014-09-03
4w20,10-DEC-14,3j7o,2014-09-03
4w21,10-DEC-14,3j7p,2014-09-03
4w22,10-DEC-14,3j7p,2014-09-03
4w23,10-DEC-14,3j7p,2014-09-03
4w24,10-DEC-14,3j7q,2014-09-03
4w25,10-DEC-14,3j7q,2014-09-03
4w26,10-DEC-14,3j7r,2014-09-03
4w27,10-DEC-14,3j7r,2014-09-03
4w28,10-DEC-14,3j7r,2014-09-03
4w2a,10-DEC-14,4p6f,2014-10-01
4w2b,10-DEC-14,4p6f,2014-10-01
4w2c,10-DEC-14,4p6f,2014-10-01
4w2d,10-DEC-14,4p6f,2014-10-01
4w7b,12-NOV-14,4wnb,2014-10-08
4w83,18-MAR-15,4yfj,2014-09-17
4wao,10-DEC-14,4wf1,2014-11-05
4wap,10-DEC-14,4wf1,2014-11-05
4waq,10-DEC-14,4wf1,2014-11-05
4war,10-DEC-14,4wf1,2014-11-05
4wb1,11-FEB-15,4xrr,2014-09-17
4wbn,13-MAR-19,6i5c,2014-12-10
4wcp,21-MAR-18,5zeg,2015-09-09
4wcq,21-MAR-18,5zei,2015-09-09
4wcr,21-MAR-18,5zej,2015-09-09
4wcs,21-MAR-18,5zem,2015-09-09
4wfp,29-APR-15,4zah,2014-09-24
4wgv,22-FEB-23,5m94,2014-10-22
4wgw,22-FEB-23,5m95,2014-10-22
4wjc,30-DEC-15,5f0a,2014-10-29
4wkk,20-JAN-16,5i5l,2015-12-23
4wl5,16-AUG-17,5lhc,2015-12-23
4wos,11-MAR-15,4ydu,2015-01-28
4wto,03-JUN-20,6kjb,2014-11-12
4wus,19-AUG-15,4wt8,2015-01-21
4wwe,19-AUG-15,4wt8,2015-01-21
4wwt,19-AUG-15,4wt8,2015-01-21
4wz1,21-JAN-15,4xi1,2014-12-24
4x0i,02-MAR-16,5hu6,2014-12-24
4x26,29-JUL-15,5cm6,2014-12-17
4x4y,12-JUN-19,6dn0,2015-12-23
4x9a,06-JUL-16,5b7b,2015-12-16
4xam,15-MAR-23,5jtw,2015-05-06
4xan,02-MAR-16,5hmj,2014-12-24
4xdb,10-JAN-18,5na1,2015-11-04
4xg5,06-JUL-16,5ghv,2015-12-30
4xnp,06-JUL-16,5jw8,2016-01-06
4xqh,11-JUL-18,6gvp,2016-01-27
4xqi,11-JUL-18,6gvr,2016-01-27
4xqy,13-JUL-16,5ihd,2016-01-27
4xrv,20-SEP-17,5w57,2015-03-25
4xs8,24-JAN-18,5uka,2016-01-27
4y2z,12-APR-17,5b6j,2016-03-09
4y4c,05-APR-17,5j25,2016-02-17
4y7h,17-AUG-16,5jod,2016-03-09
4y9q,21-DEC-16,5mf5,2016-03-09
4yfc,16-AUG-17,5y32,2015-05-06
4yim,13-JUL-16,6fpn,2016-06-29
4yns,10-FEB-16,5huq,2015-07-15
4yp4,13-JUL-16,6h5f,2016-06-29
4ytj,29-APR-15,4zas,2015-04-01
4yvl,27-APR-16,5j8l,2016-03-23
4yw0,23-DEC-15,5f9t,2015-09-23
4yx8,06-MAR-19,6nen,2016-09-28
4yz8,08-MAR-17,5upd,2015-04-15
4z3q,30-DEC-15,5doy,2015-06-03
4z3r,30-DEC-15,5dox,2015-06-03
4z7s,03-FEB-16,5hdb,2015-12-16
4zai,07-OCT-20,7jny,2015-07-15
4zco,22-JUL-15,5chb,2015-07-01
4zeh,18-OCT-17,5okb,2016-06-29
4zez,31-MAY-17,5jzi,2016-04-27
4zj4,14-DEC-16,5f8z,2015-11-18
4zj5,14-DEC-16,5f8t,2015-11-18
4zj6,14-DEC-16,5f8x,2015-11-18
4zkg,15-MAR-17,5x6g,2015-09-02
4zl2,15-MAR-17,5x6h,2015-09-02
4zl3,15-MAR-17,5x6m,2015-09-02
4zrh,14-MAR-18,5dod,2016-06-08
4zs5,21-MAR-18,5v3b,2016-06-08
4ztw,12-AUG-15,5cso,2015-06-03
4zu8,09-SEP-15,5dbe,2015-06-10
4zub,16-NOV-16,5kcc,2016-06-01
4zuc,16-NOV-16,5kcd,2016-06-01
4zw4,12-AUG-15,5cst,2015-06-03
4zwh,16-NOV-16,5kce,2016-06-01
4zwk,16-NOV-16,5kcf,2016-06-01
4zxj,21-SEP-16,5t3d,2015-12-30
4zzg,02-AUG-17,5nif,2016-06-01
5a0i,17-APR-19,6oh8,2016-03-23
5a0j,17-APR-19,6oh6,2016-03-23
5a0k,17-APR-19,6oh7,2016-03-23
5a41,09-MAR-16,5fxb,2015-09-02
5aaj,01-NOV-17,5omo,2016-06-08
5aak,08-MAR-17,5mgb,2016-06-08
5ab1,20-JAN-21,6yhw,2016-05-11
5abi,19-OCT-16,5gw6,2015-09-02
5aft,30-DEC-15,5adx,2015-03-11
5aje,18-NOV-15,5fjd,2015-08-26
5ajf,18-NOV-15,5fje,2015-08-26
5ak1,29-JUN-16,5g56,2016-03-09
5aow,17-JAN-18,6bii,2016-03-02
5apb,26-JUL-17,5n9x,2016-10-05
5api,15-OCT-90,7api,1984-10-29
5apl,26-JUL-17,5n9w,2016-10-05
5atc,16-JAN-88,7atc,1985-01-02
5azm,07-DEC-16,5wqw,2016-10-19
5b10,06-MAR-19,6j49,2016-11-23
5b11,06-MAR-19,6j48,2016-12-07
5b3c,02-AUG-17,5xp1,2017-02-15
5b3m,06-MAR-19,6j47,2017-03-08
5b54,14-FEB-18,5z5c,2017-04-26
5b69,03-APR-19,6jo3,2017-07-19
5b7o,15-JUN-22,7wp3,2016-07-20
5bmr,13-JUL-16,5kl0,2016-06-01
5bnu,16-NOV-16,5kct,2016-06-01
5bp6,16-NOV-16,5kcu,2016-06-01
5bpr,16-NOV-16,5kcw,2016-06-01
5bq4,16-NOV-16,5kd9,2016-06-01
5brc,19-APR-17,5xbp,2016-07-27
5bri,02-MAR-16,5ic5,2016-02-24
5bub,27-JUL-16,5lgy,2016-07-06
5bws,29-JAN-20,6jbf,2016-06-22
5bxk,29-JAN-20,6jbg,2016-06-22
5byh,22-MAR-23,5nwt,2015-09-02
5c0h,15-FEB-17,5n1y,2016-05-04
5c1k,25-NOV-15,5env,2015-07-01
5c3v,21-MAR-18,6cmw,2016-12-21
5c96,23-SEP-15,5df6,2015-07-22
5c9t,26-OCT-16,5t8g,2016-09-07
5ca4,12-OCT-16,5gw7,2016-08-10
5ceu,12-OCT-16,5jju,2015-12-23
5cf7,31-MAY-17,5nji,2016-08-17
5cg4,25-JUL-18,5xej,2016-07-13
5cg7,01-MAY-24,8j7c,2016-07-13
5ch1,19-APR-17,5kjh,2015-10-28
5ch2,19-APR-17,5kji,2015-10-28
5cii,21-OCT-15,5e2x,2015-08-12
5cij,30-SEP-15,5dsd,2015-07-29
5cjl,07-FEB-18,6b4d,2016-09-28
5cnz,22-NOV-17,5h5z,2016-10-05
5cto,06-FEB-19,6j63,2015-08-26
5cvx,22-JUN-16,5l8z,2015-08-19
5d7t,18-MAY-16,5jsz,2016-04-06
5d95,09-OCT-19,6k8h,2016-11-02
5d9u,27-APR-22,6mfm,2015-09-02
5dao,23-DEC-15,5ehf,2015-09-30
5dcj,19-JUL-17,5xga,2016-09-21
5dd2,01-FEB-23,5zz0,2016-10-05
5ddn,21-JUN-17,5vij,2016-09-14
5ddx,21-JUN-17,5vii,2016-09-14
5de4,21-JUN-17,5vih,2016-09-14
5dee,16-DEC-15,5f2v,2015-10-28
5dhw,28-NOV-18,6isd,2016-09-07
5dng,02-NOV-16,5trb,2016-09-14
5dod,21-MAR-18,5v3p,2016-09-21
5dpk,02-OCT-19,6u7t,2015-09-23
5dqx,23-JUN-21,7ezz,2016-09-21
5dsi,20-FEB-19,5yui,2016-05-04
5dsj,20-FEB-19,5yuj,2016-05-04
5dsn,20-FEB-19,5yuk,2016-05-04
5dtg,20-JAN-16,5hcu,2015-10-21
5dv1,31-MAY-17,5xgf,2016-10-05
5dvg,27-APR-16,5j7z,2016-03-23
5dvt,02-NOV-16,5t6i,2015-09-30
5dvu,02-NOV-16,5t6a,2015-09-30
5e47,03-AUG-16,5kk0,2015-11-04
5e6l,29-JUN-16,5jyy,2016-03-02
5eed,23-OCT-19,6t44,2016-10-26
5eee,23-OCT-19,6t42,2016-11-09
5egz,27-APR-16,5jav,2015-11-11
5erz,26-JUL-17,5xew,2016-11-16
5es0,16-MAY-18,5xjw,2016-11-16
5esy,18-JAN-23,8f9y,2016-07-20
5f0d,13-JAN-16,5fet,2015-12-16
5f1d,24-MAY-17,5vst,2016-11-30
5f30,28-NOV-18,6i3q,2016-12-14
5f45,05-APR-17,5v2a,2016-03-16
5f7i,20-JUL-16,5b7o,2016-01-20
5f80,10-FEB-16,5hqd,2015-12-16
5fc0,15-JUN-16,5k1y,2015-12-23
5fde,17-FEB-16,5i13,2015-12-30
5fim,29-DEC-21,7pvc,2016-05-04
5fl8,15-FEB-23,5jcs,2015-12-02
5fxb,26-APR-17,5nkq,2016-03-09
5fz2,01-SEP-21,6z9m,2016-03-23
5gj0,11-OCT-17,5y89,2017-06-28
5gj1,11-OCT-17,5y8a,2017-06-28
5gj2,11-OCT-17,5y8b,2017-06-28
5gj8,06-FEB-19,5z8t,2017-09-06
5gnn,19-OCT-16,5h0q,2016-08-31
5gnq,14-JUL-21,7f4y,2017-07-26
5gtv,25-OCT-17,5ykb,2017-08-30
5gym,20-NOV-19,6jno,2017-11-01
5h6a,13-MAR-19,6a4n,2017-11-15
5h6c,13-MAR-19,6a4o,2017-11-15
5h6d,13-MAR-19,6a4p,2017-11-15
5h6e,13-MAR-19,6a4q,2017-11-15
5h6f,06-JUN-18,5zk0,2017-11-15
5h7i,05-FEB-20,5xf8,2017-02-08
5h8r,13-JUL-16,5kcj,2016-02-24
5hbg,27-APR-22,6ahi,2016-01-20
5hg3,27-APR-16,5ijb,2016-02-17
5hg4,27-APR-16,5ijc,2016-02-03
5hg6,27-APR-16,5ijd,2016-02-03
5hhu,13-DEC-17,6bo7,2017-01-18
5hiv,27-JAN-16,5hol,2016-01-20
5hkt,30-MAR-16,5iwn,2016-03-09
5hku,30-MAR-16,5iwo,2016-03-09
5hmt,05-JUL-17,5kkw,2016-02-03
5hsb,15-JAN-20,6q99,2016-05-18
5hsl,09-AUG-17,5x7z,2017-02-01
5hsn,09-AUG-17,5x80,2017-02-01
5i2j,13-JUL-16,5kdt,2016-03-16
5i31,11-OCT-17,5u73,2016-06-29
5i4g,27-APR-22,5id5,2017-02-15
5iba,07-SEP-16,5b6p,2016-03-30
5ic2,07-DEC-16,5mhb,2016-03-02
5icb,25-APR-01,1ig5,1997-09-17
5ijy,22-MAR-17,6cdk,2017-03-08
5ina,16-AUG-17,5wnw,2016-06-01
5inu,08-NOV-17,6bd9,2017-02-15
5inv,08-NOV-17,6bd3,2017-02-15
5ioa,16-AUG-17,5wo3,2016-06-01
5ioe,16-AUG-17,5wo1,2016-06-01
5iog,16-AUG-17,5wo2,2016-06-01
5iun,08-MAR-23,7ssj,2016-12-21
5j0v,07-DEC-16,5tzv,2016-10-26
5j65,31-AUG-16,5kuc,2016-05-25
5j66,14-SEP-16,5kud,2016-05-25
5j7h,12-DEC-18,6mx8,2016-05-25
5jgg,10-APR-19,6iyh,2017-04-26
5jit,15-NOV-17,5m35,2017-05-10
5jiv,15-NOV-17,5m36,2017-05-10
5jn1,21-OCT-20,6uzu,2017-05-03
5jnz,10-APR-19,6iyi,2017-05-03
5jot,13-DEC-17,6bqe,2017-05-03
5jqo,02-OCT-19,6kyl,2017-07-12
5jt3,29-JUN-16,5gh0,2016-06-01
5jwn,27-JUN-18,6cx6,2017-05-17
5jx6,12-DEC-18,6idw,2017-05-17
5jzz,08-MAY-19,6rk9,2017-06-07
5k1e,08-MAR-17,5wv3,2016-06-15
5k49,16-AUG-17,5wbc,2016-07-20
5kbo,19-SEP-18,6cmy,2017-06-07
5km7,18-OCT-17,6b42,2017-06-28
5kmv,09-AUG-17,5vzx,2017-01-04
5kna,09-AUG-17,5vzy,2017-01-04
5kog,27-MAR-19,6asz,2017-12-06
5l0x,27-APR-22,6d7r,2017-08-02
5l1y,08-NOV-17,6bf2,2017-08-09
5l7c,30-MAY-18,6gis,2017-01-11
5l9m,31-OCT-18,6hqh,2016-09-21
5len,13-DEC-17,6f5e,2017-08-02
5lho,15-FEB-23,5lvz,2016-07-20
5li5,16-NOV-16,5lx2,2016-08-03
5lkl,15-FEB-17,5mz4,2017-01-25
5lqe,10-MAY-17,5nev,2017-01-11
5lql,21-FEB-18,6fdg,2017-08-30
5luw,25-OCT-17,6eo6,2016-09-28
5luy,18-OCT-17,6eo7,2016-09-21
5ly4,08-FEB-17,5mw1,2017-01-18
5m0q,12-OCT-22,7zpp,2017-01-18
5m1v,12-DEC-18,5mk5,2017-11-29
5m3g,04-AUG-21,7bba,2018-02-21
5m3r,14-JUN-17,5o41,2016-12-14
5m6p,02-JUN-21,6ta8,2017-12-20
5m6w,21-AUG-19,6rur,2017-03-15
5m74,08-MAR-17,5mjv,2016-11-30
5mb8,24-MAY-17,5nms,2017-03-29
5me2,26-JUL-17,5ni1,2016-11-23
5mjf,11-OCT-17,6ek5,2017-08-02
5mlv,20-SEP-23,6s8m,2018-08-08
5mqu,30-AUG-17,5osn,2017-06-21
5mwr,10-OCT-18,6el2,2018-02-14
5myh,09-OCT-19,6sn6,2018-02-21
5mz9,08-MAY-19,6r41,2018-08-15
5mzb,10-APR-19,6r3t,2018-09-12
5mzd,10-APR-19,6r43,2018-09-12
5n5x,02-AUG-17,5o7x,2017-04-05
5n7r,08-AUG-18,6h7x,2018-04-11
5n7s,21-NOV-18,6ghu,2018-03-14
5n8k,24-MAY-17,5nxb,2017-03-15
5nbr,26-DEC-18,6qai,2017-09-27
5ncx,22-NOV-23,8r06,2017-10-04
5ndl,27-FEB-19,6ibw,2018-05-16
5ng8,21-MAR-18,6fxc,2017-10-04
5nix,03-APR-19,6r3k,2017-12-06
5npx,01-MAY-19,6qcc,2018-05-23
5nwo,04-MAR-20,6y3e,2018-05-30
5o8g,18-APR-18,6g9z,2017-06-28
5oag,13-DEC-17,6f6p,2017-07-12
5obl,09-JUN-21,7obe,2018-08-01
5ohw,17-APR-19,6qjd,2018-08-08
5oi4,17-APR-19,6qjf,2018-08-08
5oi6,17-APR-19,6qjg,2018-08-08
5oib,17-APR-19,6qji,2018-08-08
5oig,17-APR-19,6qjj,2018-08-08
5oih,17-APR-19,6qjk,2018-08-08
5oii,17-APR-19,6qjl,2018-08-08
5oij,17-APR-19,6qjn,2018-08-08
5oli,13-MAR-19,6qe4,2018-11-07
5oox,11-DEC-19,6t7o,2018-07-18
5our,15-FEB-23,6rca,2018-09-05
5pap,12-APR-77,4pad,1977-04-12
5pfk,11-JUL-96,6pfk,1989-01-09
5s9f,21-DEC-22,8bw2,2021-02-17
5s9h,21-DEC-22,8bw3,2021-02-17
5s9i,21-DEC-22,8bw4,2021-02-17
5t0t,25-JAN-17,5ufp,2016-08-31
5t6t,25-JAN-23,7tvq,2017-09-06
5t6v,25-JAN-23,7tvq,2017-09-06
5t8x,02-AUG-17,5whx,2017-06-28
5tep,22-JUL-20,6x47,2017-01-11
5tit,29-MAR-17,5u04,2017-02-22
5tj0,18-OCT-17,6b5w,2017-07-19
5tjv,07-DEC-16,5u09,2016-11-23
5tkx,01-MAR-17,5uu1,2016-11-02
5tmi,20-SEP-17,6alt,2016-10-26
5tna,16-JAN-79,6tna,1979-01-16
5tsi,01-MAR-17,5uar,2016-12-07
5tti,13-JUN-18,6dll,2016-12-14
5tz9,06-MAR-19,6o1s,2017-08-30
5u37,07-MAR-18,6cj9,2018-01-10
5u71,01-MAR-17,5uak,2016-12-21
5uaf,12-FEB-20,6ubw,2017-05-31
5uc2,13-FEB-19,6ntr,2017-02-08
5ucl,06-MAR-19,6njg,2017-03-22
5udb,13-MAR-19,5v8f,2017-02-22
5uf9,14-FEB-18,6c42,2018-01-10
5uge,22-MAR-17,5uvf,2017-02-08
5un4,19-APR-17,6blm,2017-04-05
5up6,16-AUG-17,6alg,2017-03-29
5upa,16-AUG-17,6alf,2017-04-05
5upc,16-AUG-17,6alh,2017-03-29
5urr,09-JUN-21,7mtx,2017-03-01
5usc,11-SEP-19,6u60,2017-03-08
5usi,22-NOV-17,6b9j,2017-09-20
5uur,06-JUN-18,6day,2018-02-28
5uuw,09-JUN-21,7mtu,2017-03-08
5uwe,05-AUG-20,6w4m,2018-08-29
5uz5,24-JUL-19,6n7x,2017-11-15
5uzo,24-MAY-17,5vsv,2017-03-29
5v0g,04-APR-18,6cty,2017-03-15
5v14,24-MAY-17,5vh1,2017-03-15
5v3e,26-JUN-19,6np6,2018-06-13
5v78,14-JUN-17,5o66,2017-04-26
5v8h,23-JAN-19,6nfg,2017-09-27
5v8j,23-JAN-19,6nfo,2017-09-27
5v8n,19-DEC-18,6nao,2017-09-27
5vb1,23-MAY-18,6dcn,2018-04-04
5vb4,30-MAY-18,6dco,2018-04-04
5vfl,25-JUL-18,6e08,2018-04-11
5vg5,25-JUL-18,6e07,2018-04-18
5vk5,28-MAR-18,6cq6,2017-07-12
5vkn,28-MAR-18,6cq8,2017-07-12
5vkp,06-FEB-19,6cq9,2017-07-12
5vqc,13-DEC-17,6brd,2017-08-23
5w7l,31-MAY-23,8g1n,2018-05-23
5wfa,29-NOV-17,6b2y,2017-11-22
5wq5,07-JUN-17,5xn8,2017-01-18
5wsi,21-MAR-18,5z05,2016-12-21
5wsj,27-SEP-17,5yar,2016-12-28
5wsm,14-FEB-18,5z4w,2017-02-22
5wvq,06-MAR-19,6jhf,2018-03-21
5wvs,06-MAR-19,6jhh,2018-03-21
5wvt,20-FEB-19,6jfx,2018-03-21
5ww1,20-FEB-19,6jeq,2018-03-21
5ww2,20-FEB-19,6jfj,2018-03-21
5wwa,06-MAR-19,6jhi,2018-03-21
5wwb,06-MAR-19,6jhg,2018-03-21
5wx0,16-MAY-18,5zt1,2018-03-28
5wyp,27-NOV-19,6izo,2018-03-21
5x3a,19-APR-17,5xd0,2017-02-22
5x3q,06-MAR-19,6j6f,2018-02-21
5x84,20-FEB-19,6ip9,2018-06-06
5x8o,18-MAR-20,6lk4,2018-03-07
5xdy,05-SEP-18,5zvj,2018-04-04
5xnu,07-NOV-18,6a7w,2018-05-23
5xpq,10-APR-19,6jmi,2018-06-06
5xwq,11-AUG-21,7fbt,2018-07-04
5xzs,19-JUN-19,6k4n,2019-01-23
5yar,14-FEB-18,5z3s,2017-09-27
5yd1,10-APR-19,6jpf,2018-09-12
5yd9,04-JUL-18,6a4y,2017-09-27
5yhk,09-DEC-20,6j92,2018-10-10
5yv4,28-NOV-18,6ig1,2018-08-15
5yx5,18-DEC-19,6a4v,2018-12-05
5z29,12-AUG-20,7cmn,2019-01-02
5z2a,12-AUG-20,7cmq,2019-01-02
5z4i,21-AUG-19,6kcz,2018-01-31
5zbv,11-JUL-18,6a4j,2018-03-21
5zd5,27-JUN-18,5zya,2018-03-21
5zd6,21-NOV-18,6iqz,2018-09-19
5zd7,21-NOV-18,6iqy,2018-09-19
5zom,15-MAY-19,5zuh,2018-05-02
5zww,16-DEC-20,7dlq,2018-06-13
6a5v,03-APR-19,6inq,2018-10-03
6ab7,02-OCT-19,6kv5,2019-06-12
6abb,02-OCT-19,6kuk,2019-06-12
6abd,02-OCT-19,6kup,2019-06-12
6abe,02-OCT-19,6kut,2019-06-12
6abf,02-OCT-19,6kur,2019-06-12
6abg,11-DEC-19,6kuu,2019-06-12
6agu,02-AUG-23,7ym5,2018-10-24
6an7,17-APR-19,6oih,2017-11-29
6api,15-OCT-90,8api,1984-10-29
6b01,20-DEC-17,6bst,2017-09-27
6b1a,27-APR-22,6chh,2018-01-31
6b8i,22-AUG-18,6e49,2017-11-29
6bj0,12-AUG-20,6uiq,2018-09-05
6bll,27-JUN-18,6dnh,2017-11-22
6bu5,03-MAY-23,8e6n,2018-12-12
6bw7,07-MAR-18,6cfm,2018-01-10
6c03,11-JUL-18,6dxo,2018-05-30
6c0c,28-FEB-18,6cd7,2018-01-31
6c0i,30-JAN-19,6npz,2018-08-22
6c2e,28-MAR-18,6cnq,2018-02-14
6c2j,03-OCT-18,6dt7,2018-01-31
6c2k,28-MAR-18,6cnp,2018-02-14
6c2l,03-OCT-18,6dt8,2018-01-31
6c2p,03-OCT-18,6dta,2018-01-31
6c38,14-MAR-18,6cm4,2018-01-31
6c8a,07-NOV-18,6e7f,2018-02-21
6cb4,19-FEB-20,6v7g,2018-02-28
6co0,12-JUN-19,6op5,2018-04-11
6csy,14-NOV-18,6mxt,2018-10-24
6cu4,25-DEC-19,6v2n,2018-05-02
6d4h,10-APR-19,6oeu,2018-07-11
6d4j,17-APR-19,6oev,2018-07-11
6d5i,11-DEC-19,6v2l,2018-05-02
6dfz,11-MAY-22,6px2,2018-07-18
6dij,18-DEC-19,6uh1,2019-05-01
6dip,05-SEP-18,6mal,2018-06-06
6dm2,20-MAR-19,6o9g,2018-08-22
6drn,05-DEC-18,6n1h,2018-10-10
6drp,05-DEC-18,6n1i,2018-10-03
6dtj,05-DEC-18,6mvd,2018-10-03
6du1,30-OCT-19,6uap,2018-07-04
6dua,30-OCT-19,6ub9,2018-07-04
6dx6,07-NOV-18,6mx5,2018-07-11
6e5o,27-FEB-19,6ny3,2019-02-06
6e79,27-FEB-19,6ny2,2019-02-06
6e7a,27-FEB-19,6ny1,2019-02-06
6ed8,07-JUL-21,7miq,2020-02-12
6edo,29-MAY-19,6or5,2018-10-17
6ees,29-MAY-19,6orb,2018-10-17
6ek0,04-AUG-21,6qzp,2018-01-24
6elh,14-MAR-18,6fwf,2018-03-07
6emb,15-FEB-23,6i2a,2018-10-10
6emc,15-MAY-19,6i2b,2018-10-31
6emd,15-FEB-23,6i2d,2018-10-31
6eme,20-NOV-19,6i2h,2018-10-31
6eqn,15-FEB-23,6hte,2017-12-20
6ers,15-FEB-23,6i2c,2018-10-31
6erx,04-APR-18,6fxn,2018-01-31
6ese,16-MAY-18,6g2p,2017-12-06
6eso,06-MAR-19,6o1g,2018-11-07
6esr,13-MAR-19,6qe3,2018-11-07
6etx,07-NOV-18,6hts,2018-04-25
6eul,15-FEB-23,6eyf,2018-11-14
6f21,05-FEB-20,6r5m,2018-12-12
6f5g,20-OCT-21,7anq,2019-02-06
6fbs,22-FEB-23,6fuw,2018-01-31
6fed,06-MAY-20,6eyd,2019-01-30
6fee,01-NOV-23,8p7f,2019-01-30
6fef,25-OCT-23,8p7h,2019-01-30
6fei,25-OCT-23,8p7i,2019-01-30
6feu,11-JUL-18,6gww,2018-01-17
6fev,07-JUN-23,8p7k,2019-01-30
6ffv,31-JAN-24,8c7p,2018-08-08
6fim,21-AUG-19,6fex,2018-11-28
6fjr,26-JUN-19,6fko,2019-06-12
6flt,15-FEB-23,6h6b,2018-06-27
6flx,07-NOV-18,6hs3,2018-03-07
6fmm,14-MAR-18,6fuy,2018-02-21
6for,25-OCT-23,8p7m,2019-03-13
6fot,04-APR-18,6g1u,2018-03-28
6fou,04-APR-18,6g1v,2018-03-28
6fov,04-APR-18,6g1w,2018-03-28
6fpe,17-JUL-19,6s84,2018-05-23
6fu0,25-OCT-23,8p7n,2019-03-20
6fvk,25-OCT-23,8p7q,2019-03-20
6fvp,25-OCT-23,8p7r,2019-03-27
6fw1,25-OCT-23,8p7s,2019-03-27
6g0m,25-OCT-23,8p7t,2019-04-10
6g23,25-OCT-23,8p7u,2019-04-10
6g3l,25-OCT-23,8p7v,2019-04-10
6g7s,15-FEB-23,6qmi,2019-04-24
6g7t,15-FEB-23,6qmh,2019-04-24
6g7u,15-FEB-23,6qmf,2019-04-24
6g7v,15-FEB-23,6qmg,2019-04-24
6gjx,15-APR-20,6ybm,2019-05-29
6gkp,02-JAN-19,6q8e,2018-09-26
6gt1,10-JUN-20,6s73,2018-07-18
6gww,29-MAY-19,6q5v,2018-07-11
6h0o,17-JUN-20,6sk9,2018-08-22
6h7k,09-JAN-19,6ibl,2018-10-17
6hbo,04-DEC-19,6qxz,2018-09-05
6hsc,26-JUN-24,8rgk,2019-10-23
6i2l,10-APR-19,6r1f,2019-01-16
6i2x,21-DEC-22,8ayh,2019-06-26
6i9o,15-FEB-23,6top,2019-12-04
6ib3,12-JUN-19,6rvv,2019-03-06
6ib4,12-JUN-19,6rvw,2019-03-06
6icb,25-APR-01,1igv,1997-09-17
6iee,24-NOV-21,7eha,2019-09-25
6ief,24-NOV-21,7eh9,2019-09-25
6ihz,05-MAY-21,7emn,2019-10-09
6ims,19-JAN-22,7w0x,2020-02-05
6ipt,30-NOV-22,8he6,2018-11-21
6iq7,18-MAR-20,6m41,2018-12-19
6iq8,18-MAR-20,6m42,2018-12-19
6iq9,18-MAR-20,6m43,2018-12-19
6iqa,18-MAR-20,6m45,2018-12-19
6iqb,18-MAR-20,6m46,2018-12-19
6irm,29-MAY-19,6jyl,2019-04-10
6irn,29-MAY-19,6k1p,2019-04-03
6iwl,22-JUN-22,7f44,2019-12-11
6ixa,23-DEC-20,7cyc,2020-06-17
6ixb,23-DEC-20,7cyd,2020-06-17
6ixk,02-AUG-23,7ym7,2019-12-11
6ixu,19-MAY-21,7e2w,2019-12-18
6j3w,11-MAY-22,7xfw,2019-01-30
6jlt,30-OCT-19,6k4i,2019-03-20
6jlw,10-JUL-19,6k71,2019-05-01
6jlx,10-JUL-19,6k72,2019-05-01
6jmj,09-OCT-19,6kyg,2019-03-20
6joa,21-APR-21,6lfk,2020-03-25
6jte,17-FEB-21,7dy5,2019-04-24
6ju2,02-OCT-19,6kuj,2019-06-12
6ju3,02-OCT-19,6kuv,2019-06-12
6jve,11-MAY-22,7xfx,2019-05-01
6jx8,11-MAY-22,7xfy,2019-05-15
6khw,15-SEP-21,7v7y,2020-07-22
6kpu,27-JAN-21,7ddf,2020-09-02
6kpv,27-JAN-21,7ddl,2020-09-02
6kpw,27-JAN-21,7ddh,2020-09-02
6kpx,27-JAN-21,7ddi,2020-09-02
6kpy,27-JAN-21,7ddg,2020-09-02
6kpz,27-JAN-21,7ddj,2020-09-02
6kq0,27-JAN-21,7ddk,2020-09-02
6kyg,12-APR-23,8i8p,2019-10-09
6l2v,13-MAY-20,7byz,2019-10-30
6l3z,24-JUN-20,7c75,2019-10-30
6l41,16-DEC-20,7dmr,2019-10-30
6l4f,14-OCT-20,7d52,2019-11-06
6l79,08-FEB-23,7vqf,2020-11-04
6l7f,23-FEB-22,7e3v,2021-02-03
6l7g,23-FEB-22,7e3w,2021-02-03
6l9e,30-DEC-20,7dn6,2019-11-20
6laq,30-DEC-20,7dn7,2019-12-25
6lnv,24-JUN-20,7c73,2020-02-12
6lo7,10-JUN-20,7c74,2020-01-22
6lr5,09-DEC-20,7cza,2020-01-29
6lrn,29-JUN-22,7y3u,2020-02-12
6ltt,16-AUG-23,7ys8,2021-01-27
6lvj,15-FEB-23,7xhx,2020-04-01
6ly2,17-NOV-21,7vlj,2021-02-17
6lzr,08-SEP-21,7ebi,2021-02-24
6lzs,08-SEP-21,7ebm,2021-02-24
6m41,20-MAY-20,7c23,2020-03-18
6m42,20-MAY-20,7c29,2020-03-18
6m43,20-MAY-20,7c2a,2020-03-18
6m45,20-MAY-20,7c2c,2020-03-18
6m46,20-MAY-20,7c2d,2020-03-18
6mc5,05-DEC-18,6n4g,2018-11-14
6mf7,13-FEB-19,6nn3,2018-10-03
6mir,24-APR-19,6okj,2018-10-03
6moc,31-OCT-18,6muk,2018-10-17
6mpu,26-DEC-18,6ne0,2018-10-24
6msz,13-MAR-19,6o1t,2018-11-14
6myh,13-APR-22,7rj0,2018-11-14
6n3t,29-MAY-19,6or2,2019-02-06
6n5l,05-MAY-21,6wtl,2019-11-27
6n5r,05-MAY-21,6wtr,2019-11-27
6nlc,10-APR-19,6oea,2019-01-30
6nld,10-APR-19,6oeb,2019-01-30
6npg,17-APR-19,6ogn,2019-01-30
6nuy,29-JUN-22,7uen,2020-08-05
6nuz,29-JUN-22,7uel,2020-08-05
6nv0,29-JUN-22,7uem,2020-08-05
6nwf,29-JUL-20,6xl3,2020-03-11
6nxh,20-MAR-19,6o98,2019-03-13
6ok9,28-AUG-19,6u0w,2019-05-08
6oka,28-AUG-19,6u0x,2019-05-08
6oki,13-MAY-20,6wup,2020-01-22
6ors,02-FEB-22,7ry7,2020-10-07
6ov4,14-AUG-19,6pzm,2019-06-19
6ov5,14-AUG-19,6pzn,2019-06-19
6pap,12-APR-77,5pad,1977-04-12
6pie,28-AUG-19,6u3l,2019-08-14
6q4l,08-MAR-23,6z28,2018-12-12
6q8l,15-SEP-21,6hvk,2020-01-15
6qny,29-APR-20,6qnx,2020-02-12
6qsv,17-APR-19,6rav,2019-03-27
6qvx,03-MAY-23,8ouc,2020-10-21
6qwj,06-APR-22,7qco,2020-03-18
6r8d,16-DEC-20,7afq,2020-06-03
6rew,15-FEB-23,6yc3,2019-04-24
6rm0,15-FEB-23,6s86,2019-06-19
6rys,29-JAN-20,6xve,2019-06-26
6sbz,22-JAN-20,6sct,2019-10-16
6sng,27-APR-22,7q1g,2019-10-16
6srm,03-FEB-21,7ky1,2020-09-30
6t8j,18-JAN-23,8bxx,2020-08-05
6tf5,02-NOV-22,7ob1,2020-11-25
6tk0,22-FEB-23,7o9u,2020-12-16
6tln,09-MAR-83,7tln,1983-03-09
6tue,30-DEC-20,7a62,2020-01-29
6txy,03-MAR-21,5qub,2021-01-27
6u5i,11-AUG-21,7n09,2020-09-02
6ubg,16-FEB-22,7lul,2020-07-29
6uev,17-APR-24,8sh4,2019-10-09
6uhd,11-MAR-20,6vo5,2019-10-16
6uhg,25-DEC-19,6v41,2019-11-06
6v2v,21-APR-21,7m0x,2020-12-02
6v2x,21-APR-21,7m0u,2020-12-02
6v2y,21-APR-21,7m0y,2020-12-02
6v2z,21-APR-21,7m0v,2020-12-02
6v30,21-APR-21,7m0w,2020-12-02
6v31,21-APR-21,7m0z,2020-12-02
6v32,21-APR-21,7m0t,2020-12-02
6v4d,03-MAY-23,8sbe,2020-05-20
6vgp,09-SEP-20,7ju9,2020-07-08
6vig,15-JUN-22,7ujo,2020-01-29
6viq,09-SEP-20,7jvf,2020-07-08
6vj1,04-MAY-22,7uj7,2020-02-26
6vmu,15-JUN-22,7ujf,2020-02-05
6vnn,18-NOV-20,7kcd,2020-02-12
6vpk,15-JUN-22,7ujy,2020-03-18
6vvp,15-JUN-22,7ujw,2020-04-01
6w9j,17-JUN-20,6xae,2020-04-29
6wa7,15-JUL-20,6xfs,2020-04-15
6wc4,01-MAR-23,8ftu,2020-05-27
6whh,27-MAR-24,8w3v,2020-05-13
6wr6,28-OCT-20,7khc,2020-05-13
6wr8,28-OCT-20,7khb,2020-05-13
6wrd,28-OCT-20,7khi,2020-05-13
6wrg,09-DEC-20,7khe,2020-05-20
6x2g,29-JUL-20,6xqb,2020-06-17
6x7s,15-JUN-22,8d1u,2021-06-02
6x8v,06-APR-22,7uiq,2020-12-23
6xbp,13-APR-22,7ujq,2020-12-23
6xbx,13-APR-22,7ujp,2020-12-23
6xdl,13-APR-22,7ujr,2020-12-23
6xdu,13-APR-22,7ujs,2020-12-23
6xf0,06-APR-22,7uir,2020-12-23
6xg2,08-JUL-20,6xkh,2020-06-24
6xoe,13-APR-22,7ujt,2020-12-23
6y6w,12-AUG-20,6zwp,2020-03-11
6y70,12-AUG-20,6zwr,2020-03-11
6ym6,15-FEB-23,7p8b,2021-04-14
6ym7,06-APR-22,7p87,2021-04-14
6yt8,13-JAN-21,7b83,2020-05-06
6yth,26-AUG-20,6zln,2020-07-15
6yz6,10-MAR-21,7nev,2020-05-20
6yzi,20-OCT-21,7p9c,2021-05-19
6z2r,03-MAR-21,7bj1,2021-01-13
6z2y,25-AUG-21,7pel,2020-10-21
6zql,25-NOV-20,7arq,2020-11-18
6zsf,12-MAY-21,7og4,2021-05-05
7atc,15-OCT-90,5at1,1988-01-16
7att,01-JUN-22,7zyu,2022-04-20
7awo,29-SEP-21,7pn0,2020-11-18
7ay4,23-MAR-22,7oj4,2020-12-16
7ayl,29-JUN-22,7zsz,2020-11-25
7boq,09-DEC-20,7crd,2020-05-13
7brr,28-OCT-20,7d1m,2020-05-13
7byz,22-JUL-20,7ch2,2020-05-13
7c0a,21-JUL-21,7fa2,2021-06-02
7c0b,21-JUL-21,7fa3,2021-05-05
7c0h,13-OCT-21,7vjm,2021-05-05
7c4e,22-FEB-23,7wx5,2021-05-19
7c4f,22-FEB-23,7wx7,2021-05-19
7c4g,14-SEP-22,7wx6,2021-05-19
7c9d,08-SEP-21,7ffp,2021-06-09
7ch2,25-NOV-20,7de5,2020-07-22
7chg,14-JUN-23,7yfk,2021-07-07
7cop,12-JUL-23,8igu,2021-08-11
7cor,12-JUL-23,8igv,2021-08-11
7cos,12-JUL-23,8igw,2021-08-11
7cq8,20-OCT-21,7vjo,2021-08-11
7cq9,20-OCT-21,7vjp,2021-08-11
7cqa,20-OCT-21,7vjq,2021-08-11
7cuz,08-NOV-23,7xmj,2021-08-25
7d7t,17-MAR-21,7e35,2020-11-04
7ddg,07-JUL-21,7evx,2021-01-27
7ddj,04-MAY-22,7wyt,2021-01-27
7dnv,23-NOV-22,7d6o,2021-12-15
7drh,13-SEP-23,8ite,2022-02-23
7dzp,22-SEP-21,7v6z,2021-06-23
7dzq,22-SEP-21,7v6y,2021-06-30
7e3i,01-MAR-23,7xn1,2022-02-16
7ec2,24-NOV-21,7vfk,2021-03-31
7ec4,24-NOV-21,7vfm,2021-03-31
7elo,22-DEC-21,7w8a,2021-09-08
7evw,24-APR-24,8yy8,2021-08-04
7evx,04-MAY-22,7wys,2021-07-07
7f8q,16-FEB-22,7wsv,2022-01-26
7f95,25-OCT-23,8gyy,2022-07-06
7fa2,13-OCT-21,7vjn,2021-07-21
7fen,15-DEC-21,7vsi,2021-10-27
7jm8,23-JUN-21,7n6j,2020-08-26
7jml,23-JUN-21,7n6k,2020-08-26
7jmz,23-JUN-21,7n6l,2020-08-26
7jng,23-JUN-21,7n6m,2020-08-26
7jnq,04-MAY-22,7utc,2020-08-19
7jns,08-FEB-23,7ux4,2020-09-02
7jnu,11-MAY-22,7uut,2020-09-02
7jox,28-OCT-20,7khp,2020-10-07
7k1z,17-MAR-21,7lva,2020-09-23
7kb4,27-JAN-21,7la6,2020-10-14
7kca,15-JUN-22,7ujc,2020-11-18
7kcd,15-JUN-22,7ujm,2020-11-18
7kfj,03-FEB-21,7lfp,2020-10-28
7kgl,02-JUN-21,7mfv,2021-02-03
7kl4,06-APR-22,7uis,2020-12-23
7ks5,03-FEB-21,7lfe,2020-12-09
7kvg,16-JUN-21,7n6n,2020-12-30
7kw5,20-JAN-21,7ldx,2020-12-09
7ky3,26-APR-23,8fv0,2020-12-23
7ky4,01-MAR-23,8fv1,2020-12-23
7lj6,16-JUN-21,7msu,2021-02-24
7lj7,16-JUN-21,7m1t,2021-02-24
7lj8,16-JUN-21,7m1u,2021-02-24
7lm1,06-JUL-22,7ume,2022-02-09
7n01,01-SEP-21,7rw2,2021-08-04
7n0s,07-JUL-21,7r98,2021-06-09
7nqt,09-JUN-21,6s02,2021-03-10
7nqv,02-JUN-21,7ooe,2021-03-17
7nqx,09-JUN-21,7ooh,2021-03-10
7nqy,02-JUN-21,7oog,2021-03-10
7nr0,02-JUN-21,6s02,2021-03-10
7ny5,12-APR-23,7p40,2022-03-30
7o8e,28-JUL-21,7p7d,2021-04-28
7o94,10-NOV-21,7p1l,2021-04-28
7ov1,26-JUN-24,8rcp,2022-06-22
7ov5,26-JUN-24,8rco,2022-06-22
7ov6,26-JUN-24,8rgl,2022-06-22
7pap,12-APR-77,6pad,1977-04-12
7pgv,16-AUG-23,8pc5,2023-02-22
7pgw,16-AUG-23,8pc6,2023-02-22
7ph5,16-AUG-23,8peo,2023-02-22
7ph6,16-AUG-23,8pep,2023-02-22
7q88,18-OCT-23,8qqo,2023-05-24
7qa6,30-AUG-23,8owo,2022-11-30
7qjh,06-SEP-23,8p60,2022-12-28
7qvg,24-AUG-22,8amz,2022-08-17
7qxg,12-JUL-23,8oyk,2022-12-07
7qxh,12-JUL-23,8oyl,2022-12-07
7ra6,27-APR-22,7smo,2021-07-14
7ruk,22-NOV-23,8tdp,2023-02-15
7s0o,22-NOV-23,8tdq,2023-02-22
7s12,06-DEC-23,8v1p,2021-11-03
7s1e,22-FEB-23,8g4j,2021-09-15
7sb9,16-FEB-22,7t6y,2021-10-06
7six,17-JAN-24,8tm1,2022-11-16
7smo,20-DEC-23,7ujb,2022-04-27
7t52,21-JUN-23,8f7v,2023-06-14
7tna,14-MAR-79,8tna,1979-03-14
7ukx,22-NOV-23,8tn2,2023-04-12
7uky,22-NOV-23,8tn3,2023-04-12
7ulm,25-JAN-23,8ecg,2022-05-18
7v7y,13-APR-22,7xas,2021-09-15
7vin,01-MAR-23,7wyj,2021-10-20
7vx7,26-JAN-22,7wev,2021-11-24
7wcs,05-APR-23,8ing,2022-02-09
7wgj,22-FEB-23,8i8i,2022-01-19
7x65,25-JAN-23,8how,2022-06-01
7xas,20-JUL-22,7y6m,2022-04-13
7xfk,18-OCT-23,7xsi,2023-04-05
7xia,22-JUN-94,1xib,1991-10-15
7xox,06-DEC-23,8ia7,2022-07-20
7xx7,03-APR-24,8yti,2023-05-31
7yip,01-FEB-23,8i29,2022-10-05
7yw6,13-SEP-23,8w6x,2023-08-23
7z40,15-MAR-23,8ade,2023-01-18
7z4p,19-JUL-23,8pq4,2023-03-22
7zk7,12-JUN-24,8pee,2023-04-26
8aft,10-MAY-23,8cmy,2023-01-25
8ahp,21-FEB-24,8qcw,2022-08-03
8asq,04-OCT-23,8crf,2022-11-23
8ayw,04-OCT-23,8crk,2022-11-23
8az9,04-OCT-23,8crm,2022-11-23
8bcn,05-APR-23,8ofl,2023-01-11
8bco,22-FEB-23,8c4i,2023-01-18
8bfv,24-MAY-23,8ow2,2023-01-18
8bgq,14-FEB-24,8q5z,2022-11-09
8bpk,31-JAN-24,8rcq,2023-01-18
8br3,06-SEP-23,8p5d,2023-04-12
8d68,07-FEB-24,8vuw,2022-11-23
8dg3,16-NOV-22,8eyj,2022-07-06
8fx8,05-JUL-23,8slx,2023-02-22
8fxg,05-JUL-23,8sly,2023-02-22
8i8m,05-JUN-24,8zn2,2023-04-12
8i8o,05-JUN-24,8zn3,2024-02-07
8iup,12-JUN-24,8wzu,2023-09-27
8jj7,17-APR-24,8yzn,2023-06-21
8k5m,13-MAR-24,8y9x,2023-08-16
8oen,17-JAN-24,8rk1,2023-08-30
8of9,14-FEB-24,8rqu,2023-05-31
8pap,15-JAN-87,9pap,1976-12-02
8pfm,20-DEC-23,8rbt,2023-07-19
8pfn,20-DEC-23,8rbs,2023-07-19
8rub,01-AUG-96,8ruc,1992-07-15
8t2g,24-JAN-24,8uzd,2023-09-13
8tna,14-JUL-86,1tra,1979-03-14
8tsf,21-FEB-24,8vpw,2023-09-20
8tsn,21-FEB-24,8vq1,2023-09-20
8u7n,07-FEB-24,8vrx,2023-09-27
8v2i,12-JUN-24,9bp6,2023-12-13
8y0s,08-MAY-24,8z5l,2024-02-14
9tna,19-APR-89,3tra,1985-11-08
